gender,gpa,wageb,wagea,lnbwage,lnawage,gradchoice,major,hheconstat,Pedu,Poccu
0,3.126,6973.5454,18000,8.8498793,9.7981272,0,3,1,3,2
0,3.424,2682.1328,3200,7.8943677,8.0709057,0,3,0,1,0
0,3.482,4291.4126,5000,8.3643713,8.5171928,0,3,0,3,2
0,3.057,6437.1187,8000,8.7698364,8.9871969,0,3,0,1,3
1,3.217,4291.4126,6000,8.3643713,8.6995144,0,3,0,1,3
0,3.114,4827.8394,5500,8.4821539,8.6125031,1,3,1,2,0
1,3.079,10728.531,10000,9.2806616,9.2103405,0,3,1,3,2
1,2.93,6437.1187,10000,8.7698364,9.2103405,0,3,1,1,4
1,3.011,4291.4126,50000,8.3643713,10.819778,0,3,1,2,2
0,3.265,9655.6787,12000,9.1753016,9.392662,0,3,1,2,2
0,3.054,10728.531,30000,9.2806616,10.308952,0,3,1,3,1
0,3.371,5578.8364,6000,8.6267357,8.6995144,1,3,0,2,3
1,3.499,7509.9722,20000,8.9239874,9.9034872,0,3,0,3,1
1,3.195,8046.3984,7500,8.99298,8.922658,0,3,0,2,4
1,3.215,17165.65,16000,9.7506657,9.6803436,2,3,1,3,1
0,3.332,5364.2656,5000,8.5875149,8.5171928,0,3,1,3,2
0,3.313,7295.4014,12000,8.8949995,9.392662,1,3,1,3,2
1,2.647,8582.8252,10000,9.057518,9.2103405,0,3,1,3,1
1,2.497,7724.5425,11000,8.952158,9.3056507,0,3,0,1,3
0,3.308,5364.2656,9000,8.5875149,9.1049795,1,3,1,3,2
1,3.225,4827.8394,7000,8.4821539,8.8536654,0,3,0,1,3
1,2.914,3218.5593,8000,8.0766888,8.9871969,0,3,0,1,3
1,3.345,6437.1187,6000,8.7698364,8.6995144,1,3,1,3,2
0,3.444,10728.531,12000,9.2806616,9.392662,0,3,0,2,4
0,3.161,3218.5593,8000,8.0766888,8.9871969,0,3,1,2,0
1,2.947,4291.4126,8000,8.3643713,8.9871969,1,3,0,1,3
1,3.509,11801.385,14000,9.3759718,9.546813,1,3,0,1,4
0,3.506,6437.1187,8000,8.7698364,8.9871969,0,3,1,2,4
0,3.527,4291.4126,2600,8.3643713,7.8632669,0,3,1,3,2
0,3.27,5364.2656,20000,8.5875149,9.9034872,0,3,1,3,1
0,3.377,4291.4126,10000,8.3643713,9.2103405,0,3,1,2,2
0,3.411,8582.8252,8000,9.057518,8.9871969,0,3,0,1,3
0,3.308,5364.2656,7000,8.5875149,8.8536654,2,3,1,3,2
1,3.217,10728.531,20000,9.2806616,9.9034872,0,3,1,2,4
1,2.553,10728.531,10000,9.2806616,9.2103405,0,3,0,1,4
1,2.917,9441.1074,10000,9.1528282,9.2103405,1,3,0,2,4
1,3.227,6437.1187,15000,8.7698364,9.6158056,0,3,0,1,0
1,3.179,3433.1301,11500,8.1412277,9.3501024,0,3,1,1,3
1,3.166,6437.1187,10400,8.7698364,9.2495613,0,3,0,1,3
0,3.1,3754.9861,3500,8.2308397,8.1605186,1,3,0,3,1
0,3.496,6973.5454,13000,8.8498793,9.4727049,1,3,1,2,4
0,3.054,4291.4126,5600,8.3643713,8.6305218,0,3,1,1,3
0,3.103,5364.2656,5000,8.5875149,8.5171928,0,3,1,1,3
1,2.867,10728.531,6200,9.2806616,8.7323046,0,3,1,3,2
1,3.211,5364.2656,12000,8.5875149,9.392662,0,3,1,2,3
1,3.467,8582.8252,15000,9.057518,9.6158056,0,3,1,3,1
1,2.23,3218.5593,10000,8.0766888,9.2103405,0,3,1,2,1
0,3.063,8046.3984,10000,8.99298,9.2103405,0,3,0,1,3
0,3.62,5471.5869,7500,8.6073236,8.922658,0,3,1,3,0
0,3.2,9301.6982,8500,9.1379519,9.047821,0,3,1,3,2
0,3.529,8754.5391,11000,9.0773277,9.3056507,0,3,1,1,4
0,3.447,5364.2656,6000,8.5875149,8.6995144,2,3,1,3,2
0,3.756,13131.809,20000,9.4827929,9.9034872,0,3,1,3,2
0,2.875,4377.2695,8000,8.3841801,8.9871969,0,3,1,3,2
1,3.035,5364.2656,10000,8.5875149,9.2103405,2,3,0,1,3
0,3.58,9848.8564,9000,9.1951103,9.1049795,1,3,1,3,2
0,3.775,8207.3809,9400,9.0127888,9.1484652,1,3,0,2,3
0,3.041,9848.8564,9000,9.1951103,9.1049795,0,3,0,3,0
1,2.176,10943.174,15000,9.3004713,9.6158056,0,3,0,1,3
0,3.107,2188.6348,3000,7.6910334,8.0063677,2,3,0,1,4
0,3.554,7509.9722,7000,8.9239874,8.8536654,2,3,1,2,2
0,3.992,8582.8252,50000,9.057518,10.819778,0,3,1,2,4
0,3.533,3830.1108,7500,8.2506495,8.922658,0,3,0,1,3
0,2.506,6565.9043,8000,8.7896452,8.9871969,2,3,1,3,1
1,3.666,21886.348,45000,9.993618,10.714417,1,3,1,2,4
1,2.729,3218.5593,11000,8.0766888,9.3056507,0,3,1,1,3
1,3.378,5471.5869,8000,8.6073236,8.9871969,0,3,0,1,4
0,3.345,9028.1191,11000,9.108099,9.3056507,1,3,1,3,1
0,3.312,8582.8252,10000,9.057518,9.2103405,0,3,0,1,3
1,3.098,12874.237,12000,9.4629831,9.392662,0,3,0,2,4
1,2.204,7509.9722,7000,8.9239874,8.8536654,0,3,1,3,0
0,3.537,5364.2656,8000,8.5875149,8.9871969,0,3,1,2,1
0,3.203,4291.4126,5600,8.3643713,8.6305218,0,3,1,3,4
0,3.281,2574.8477,3600,7.8535457,8.1886892,0,3,0,1,3
0,3.618,5364.2656,8000,8.5875149,8.9871969,0,3,0,1,3
0,3.749,7509.9722,7000,8.9239874,8.8536654,1,3,1,3,1
0,3.265,5686.1216,5300,8.6457834,8.5754623,2,3,1,3,1
0,3.127,8582.8252,9500,9.057518,9.1590471,1,3,1,3,1
0,3.457,14483.518,15000,9.5807667,9.6158056,0,3,1,1,0
0,3.544,16092.797,14000,9.6861267,9.546813,0,3,0,1,4
0,3.327,7509.9722,4000,8.9239874,8.2940493,0,3,1,3,2
1,3.403,8582.8252,12000,9.057518,9.392662,0,3,1,3,0
1,2.729,5364.2656,4000,8.5875149,8.2940493,0,3,1,3,2
0,3.032,9655.6787,8000,9.1753016,8.9871969,2,3,1,3,2
0,3.13,8582.8252,13000,9.057518,9.4727049,1,3,1,3,1
0,3.152,3754.9861,5000,8.2308397,8.5171928,0,3,1,1,3
0,3.914,16092.797,15000,9.6861267,9.6158056,1,3,0,3,1
1,3.146,5578.8364,7000,8.6267357,8.8536654,0,3,0,1,3
0,3.299,4158.4063,5000,8.3328867,8.5171928,0,3,1,2,4
0,2.851,8582.8252,10000,9.057518,9.2103405,1,3,0,3,2
0,3.889,15019.944,14000,9.6171341,9.546813,1,3,0,1,0
1,3.134,6973.5454,10000,8.8498793,9.2103405,0,3,0,3,1
0,3.337,8582.8252,13000,9.057518,9.4727049,1,3,0,3,2
0,3.515,8582.8252,20000,9.057518,9.9034872,1,3,1,3,2
1,3.032,3754.9861,5500,8.2308397,8.6125031,0,3,0,2,2
0,3.482,10728.531,10000,9.2806616,9.2103405,1,3,1,3,2
0,3.835,8582.8252,8000,9.057518,8.9871969,1,3,0,2,0
0,3.371,8582.8252,12000,9.057518,9.392662,1,3,0,2,4
1,3.418,8582.8252,10000,9.057518,9.2103405,1,3,0,3,1
0,3.534,4827.8394,16500,8.4821539,9.7111158,0,3,1,3,2
0,3.396,3647.7007,6000,8.2018518,8.6995144,0,3,1,1,3
0,3.455,3218.5593,6000,8.0766888,8.6995144,0,3,1,3,2
1,3.158,11801.385,8500,9.3759718,9.047821,0,3,1,3,2
1,3.412,10728.531,10000,9.2806616,9.2103405,1,3,0,2,3
0,3.503,7509.9722,10000,8.9239874,9.2103405,0,3,1,3,1
0,3.109,5364.2656,5900,8.5875149,8.6827078,0,3,0,2,1
1,2.996,6973.5454,24000,8.8498793,10.085809,0,3,1,2,0
0,3.654,3218.5593,7000,8.0766888,8.8536654,0,3,0,2,0
0,3.118,8582.8252,15000,9.057518,9.6158056,0,3,1,2,4
0,3.286,9655.6787,18000,9.1753016,9.7981272,0,3,1,3,1
1,2.157,5364.2656,4500,8.5875149,8.4118328,0,3,1,3,1
1,2.69,3218.5593,8000,8.0766888,8.9871969,0,3,1,3,2
0,2.673,2896.7034,6000,7.9713287,8.6995144,0,3,0,2,3
0,3.459,5364.2656,8000,8.5875149,8.9871969,1,3,1,3,1
0,3.013,6437.1187,10000,8.7698364,9.2103405,0,3,0,3,1
0,3.384,7724.5425,10400,8.952158,9.2495613,0,3,1,3,4
0,3.345,5364.2656,20000,8.5875149,9.9034872,0,3,0,1,3
0,3.125,5364.2656,5000,8.5875149,8.5171928,0,3,0,2,0
0,3.668,4291.4126,5000,8.3643713,8.5171928,0,3,1,1,1
1,3.1,3862.2712,6500,8.2590103,8.7795572,0,3,0,3,1
0,3.184,5364.2656,9000,8.5875149,9.1049795,0,3,0,1,3
0,3.568,4935.1245,6800,8.5041332,8.8246775,0,3,0,2,1
0,3.435,12874.237,16000,9.4629831,9.6803436,1,3,1,2,0
1,3.555,10728.531,10000,9.2806616,9.2103405,1,3,0,1,0
1,2.676,4827.8394,25000,8.4821539,10.126631,0,3,1,3,2
0,3.355,5364.2656,7000,8.5875149,8.8536654,0,3,1,2,1
0,3.785,4076.842,3000,8.3130779,8.0063677,0,3,0,2,3
1,2.612,4291.4126,5700,8.3643713,8.648221,0,3,0,2,3
0,3.132,8582.8252,8000,9.057518,8.9871969,1,3,1,3,1
0,3.317,12874.237,12000,9.4629831,9.392662,0,3,0,2,1
0,3.341,4291.4126,3300,8.3643713,8.1016779,0,3,1,3,2
1,2.965,4291.4126,15000,8.3643713,9.6158056,0,3,0,3,2
0,3.225,7509.9722,13000,8.9239874,9.4727049,0,3,1,3,2
0,3.046,10728.531,8500,9.2806616,9.047821,0,3,1,3,1
1,2.901,4291.4126,8000,8.3643713,8.9871969,0,3,0,1,1
1,3.357,7896.1992,8800,8.9741364,9.0825071,0,3,1,3,1
1,3.504,8046.3984,6000,8.99298,8.6995144,2,3,1,3,2
1,3.331,8582.8252,20000,9.057518,9.9034872,0,3,1,2,4
1,3.19,5364.2656,8000,8.5875149,8.9871969,0,3,1,2,4
0,3.702,6437.1187,6000,8.7698364,8.6995144,1,3,1,1,0
0,3.05,10728.531,10000,9.2806616,9.2103405,0,3,1,3,2
0,3.284,6437.1187,8000,8.7698364,8.9871969,1,3,1,3,1
0,3.722,8582.8252,8000,9.057518,8.9871969,0,3,1,1,3
1,3.182,5900.6924,8000,8.6828251,8.9871969,0,3,0,1,4
0,3.657,7295.4014,18000,8.8949995,9.7981272,0,3,1,3,1
0,3.53,8046.3984,11000,8.99298,9.3056507,1,3,1,3,4
1,3.166,5364.2656,10000,8.5875149,9.2103405,1,3,1,3,1
0,3.458,3218.5593,10000,8.0766888,9.2103405,0,3,0,3,0
0,3.571,10728.531,10000,9.2806616,9.2103405,1,3,1,3,1
1,2.926,2896.7034,16000,7.9713287,9.6803436,0,3,0,1,3
1,2.949,10728.531,11000,9.2806616,9.3056507,1,3,1,3,2
0,3.477,7295.4014,15000,8.8949995,9.6158056,0,3,0,3,1
0,2.978,2574.8477,7500,7.8535457,8.922658,0,3,0,2,4
1,3.193,8368.2549,10000,9.0322008,9.2103405,1,3,0,2,0
0,3.778,7778.1851,10000,8.9590778,9.2103405,1,3,1,3,2
0,3.707,6437.1187,6000,8.7698364,8.6995144,1,3,1,3,2
1,3.366,14483.518,19000,9.5807667,9.8521938,1,3,1,3,1
1,3.777,16092.797,15000,9.6861267,9.6158056,1,3,0,2,0
1,3.038,8582.8252,14000,9.057518,9.546813,0,3,1,3,1
1,3.105,4291.4126,7500,8.3643713,8.922658,0,3,1,1,0
1,2.996,8582.8252,6000,9.057518,8.6995144,0,3,1,3,2
0,3.497,10728.531,20000,9.2806616,9.9034872,1,3,0,1,3
0,3.448,8582.8252,9000,9.057518,9.1049795,1,3,1,3,2
0,3.008,7509.9722,9000,8.9239874,9.1049795,0,3,1,3,1
0,3.558,12874.237,14000,9.4629831,9.546813,1,3,1,3,2
0,3.707,10728.531,15000,9.2806616,9.6158056,1,3,1,3,1
1,2.825,2682.1328,7500,7.8943677,8.922658,0,3,0,2,3
1,3.666,10728.531,10000,9.2806616,9.2103405,1,3,0,1,0
0,3.387,7509.9722,7000,8.9239874,8.8536654,2,3,1,3,2
0,3.217,5364.2656,11500,8.5875149,9.3501024,0,3,1,2,0
0,3.42,1823.8503,5000,7.5087051,8.5171928,0,3,1,3,1
0,3.725,2682.1328,5000,7.8943677,8.5171928,0,3,1,3,2
0,3.707,4827.8394,6000,8.4821539,8.6995144,0,3,0,1,3
0,3.712,4291.4126,8000,8.3643713,8.9871969,0,3,1,3,1
0,3.436,13947.091,13000,9.543026,9.4727049,1,3,1,2,3
0,3.403,7509.9722,10000,8.9239874,9.2103405,1,3,1,3,1
0,3.693,21457.063,23000,9.9738092,10.043249,1,3,1,3,4
0,3.214,4291.4126,5500,8.3643713,8.6125031,2,3,0,2,3
0,3.141,3282.9521,12000,8.0964985,9.392662,0,3,1,1,3
0,3.433,3939.5427,4500,8.27882,8.4118328,0,3,1,3,1
0,3.647,4377.2695,5000,8.3841801,8.5171928,0,3,0,1,3
0,3.688,6565.9043,15000,8.7896452,9.6158056,1,3,1,2,0
1,3.149,3282.9521,6000,8.0964985,8.6995144,0,3,0,3,2
1,3.445,10943.174,25000,9.3004713,10.126631,0,3,1,1,0
1,3.16,4377.2695,20000,8.3841801,9.9034872,0,3,1,3,2
0,3.215,5471.5869,6000,8.6073236,8.6995144,0,3,1,1,3
0,3.06,5471.5869,7000,8.6073236,8.8536654,0,3,1,3,1
1,2.587,7660.2217,10000,8.9437962,9.2103405,1,3,1,3,2
0,3.003,6018.7456,10000,8.7026339,9.2103405,0,3,1,2,1
0,3.174,5471.5869,7000,8.6073236,8.8536654,1,3,1,3,1
0,3.591,8754.5391,10000,9.0773277,9.2103405,0,3,1,1,3
0,3.799,9411.1299,17000,9.1496487,9.7409687,1,3,1,2,1
0,3.726,4377.2695,20000,8.3841801,9.9034872,0,3,0,1,3
1,2.722,4377.2695,20000,8.3841801,9.9034872,0,3,1,2,4
0,3.443,13131.809,12000,9.4827929,9.392662,0,3,0,2,4
1,2.612,3282.9521,5850,8.0964985,8.6741972,0,3,0,1,4
1,2.974,4377.2695,10000,8.3841801,9.2103405,0,3,1,1,4
1,2.894,10943.174,6000,9.3004713,8.6995144,0,3,0,3,1
0,3.523,5471.5869,10000,8.6073236,9.2103405,1,3,1,3,1
1,2.892,10943.174,12000,9.3004713,9.392662,1,3,1,2,4
0,3.147,8754.5391,15000,9.0773277,9.6158056,0,3,1,3,2
0,3.534,9848.8564,16000,9.1951103,9.6803436,1,3,0,3,2
0,3.139,4377.2695,8000,8.3841801,8.9871969,0,3,0,1,3
0,3.452,6565.9043,9000,8.7896452,9.1049795,1,3,1,2,1
1,3.181,7660.2217,7000,8.9437962,8.8536654,0,3,1,3,0
1,3.294,10943.174,20000,9.3004713,9.9034872,0,3,0,2,0
0,3.374,4924.4282,12000,8.5019636,9.392662,0,3,1,3,1
0,3.317,3064.0889,6500,8.0275059,8.7795572,0,3,0,1,3
0,3.709,7113.063,24000,8.869688,10.085809,0,3,1,3,2
1,3.419,5471.5869,10000,8.6073236,9.2103405,1,3,0,3,1
0,3.327,5471.5869,10000,8.6073236,9.2103405,0,3,0,3,1
0,3.822,6565.9043,24000,8.7896452,10.085809,0,3,0,2,3
1,3.225,8754.5391,9000,9.0773277,9.1049795,0,3,0,1,3
0,3.64,8754.5391,12000,9.0773277,9.392662,0,3,0,1,3
0,3.28,4377.2695,10000,8.3841801,9.2103405,0,3,0,1,4
0,3.522,9848.8564,9000,9.1951103,9.1049795,1,3,0,3,2
1,2.768,5471.5869,8000,8.6073236,8.9871969,0,3,0,3,2
1,3.172,10943.174,23000,9.3004713,10.043249,0,3,1,2,3
0,3.758,16414.762,20000,9.7059364,9.9034872,0,3,0,3,1
1,2.994,8754.5391,8000,9.0773277,8.9871969,1,3,1,3,2
0,3.59,4924.4282,9200,8.5019636,9.1269588,0,3,1,3,1
0,3.504,10943.174,17000,9.3004713,9.7409687,0,3,1,3,2
0,3.636,7660.2217,7000,8.9437962,8.8536654,2,3,1,3,2
1,2.47,5471.5869,11000,8.6073236,9.3056507,0,3,1,3,0
1,3.356,6565.9043,15000,8.7896452,9.6158056,0,3,1,1,1
1,3.242,4377.2695,9000,8.3841801,9.1049795,0,3,1,3,2
0,3.7,8754.5391,12000,9.0773277,9.392662,1,3,0,1,3
0,3.802,3282.9521,7500,8.0964985,8.922658,0,3,0,3,4
0,3.41,3282.9521,4500,8.0964985,8.4118328,0,3,1,2,2
0,3.595,6565.9043,6000,8.7896452,8.6995144,1,3,0,3,4
1,3.173,4924.4282,6000,8.5019636,8.6995144,0,3,0,1,3
1,3.166,4291.4126,8500,8.3643713,9.047821,0,3,1,2,2
0,3.185,5364.2656,5000,8.5875149,8.5171928,0,3,1,3,2
0,3.423,2145.7063,5200,7.6712241,8.5564137,0,3,1,1,0
0,3.25,1931.1356,4500,7.5658636,8.4118328,2,3,0,1,0
1,3.35,10728.531,10000,9.2806616,9.2103405,1,3,0,1,3
0,3.6,6437.1187,6000,8.7698364,8.6995144,0,3,0,3,1
1,2.74,5256.9805,10300,8.5673122,9.2398996,0,3,0,3,0
1,2.773,7113.063,10000,8.869688,9.2103405,1,3,1,3,2
0,3.541,7509.9722,45000,8.9239874,10.714417,0,3,1,2,3
0,3.526,4377.2695,5000,8.3841801,8.5171928,0,3,1,2,4
0,3.341,3282.9521,8000,8.0964985,8.9871969,0,3,1,3,1
1,2.366,3282.9521,4500,8.0964985,8.4118328,2,3,0,2,3
0,3.643,14226.126,13000,9.5628357,9.4727049,0,3,0,3,2
0,3.716,6565.9043,8000,8.7896452,8.9871969,1,3,1,3,1
1,3.475,10943.174,8000,9.3004713,8.9871969,2,3,1,2,3
1,3.858,4377.2695,4000,8.3841801,8.2940493,1,3,0,2,4
0,2.908,5471.5869,5000,8.6073236,8.5171928,0,3,0,2,2
0,3.863,7660.2217,20000,8.9437962,9.9034872,1,3,0,2,3
0,3.527,6565.9043,2500,8.7896452,7.8240461,0,3,1,2,2
0,2.369,3282.9521,4200,8.0964985,8.3428402,0,3,1,1,2
1,2.744,4377.2695,25000,8.3841801,10.126631,0,3,0,3,2
1,3.557,17509.078,24000,9.7704744,10.085809,1,3,1,3,2
1,2.744,5471.5869,8000,8.6073236,8.9871969,0,3,0,2,3
0,3.161,4377.2695,6500,8.3841801,8.7795572,0,3,1,1,3
0,3.271,6018.7456,7000,8.7026339,8.8536654,0,3,1,2,0
0,3.558,8207.3809,7500,9.0127888,8.922658,1,3,0,1,0
0,3.634,4377.2695,10000,8.3841801,9.2103405,0,3,1,2,0
1,3.419,4377.2695,7200,8.3841801,8.8818359,0,3,0,1,3
1,3.205,10943.174,6500,9.3004713,8.7795572,0,3,1,2,4
0,3.47,5471.5869,6000,8.6073236,8.6995144,0,3,0,3,0
0,2.991,3939.5427,6000,8.27882,8.6995144,0,3,1,2,2
1,3.369,5471.5869,15000,8.6073236,9.6158056,1,3,1,2,1
0,3.687,6565.9043,7000,8.7896452,8.8536654,0,3,0,2,3
0,3.299,3282.9521,10000,8.0964985,9.2103405,0,3,0,2,1
1,3.024,10943.174,20000,9.3004713,9.9034872,0,3,1,1,4
0,3.112,3282.9521,5000,8.0964985,8.5171928,0,3,0,1,3
0,3.429,5471.5869,5500,8.6073236,8.6125031,0,3,1,3,1
0,3.765,8207.3809,12000,9.0127888,9.392662,1,3,1,3,0
1,3.229,6565.9043,10000,8.7896452,9.2103405,0,3,1,3,2
1,2.747,4267.8379,8000,8.3588629,8.9871969,0,3,1,2,1
0,3.516,5471.5869,5000,8.6073236,8.5171928,0,3,0,2,3
0,3.297,7113.063,12000,8.869688,9.392662,1,3,0,3,1
0,3.578,4377.2695,10000,8.3841801,9.2103405,0,3,0,2,4
0,3.493,5471.5869,8000,8.6073236,8.9871969,0,3,1,3,2
1,3.219,3830.1108,3200,8.2506495,8.0709057,0,3,1,2,1
0,3.378,9848.8564,3300,9.1951103,8.1016779,0,3,1,2,4
0,3.382,3282.9521,6000,8.0964985,8.6995144,0,3,0,1,4
0,3.266,3830.1108,7000,8.2506495,8.8536654,0,3,0,1,3
0,2.737,6565.9043,12000,8.7896452,9.392662,0,3,1,3,1
0,3.223,5471.5869,5000,8.6073236,8.5171928,0,3,0,3,0
0,2.883,10943.174,20000,9.3004713,9.9034872,0,3,0,2,1
0,3.301,1969.7714,7000,7.5856729,8.8536654,0,3,0,3,2
0,3.21,6565.9043,7000,8.7896452,8.8536654,1,3,0,1,3
0,3.516,8754.5391,20000,9.0773277,9.9034872,1,3,1,3,1
0,3.483,6237.6094,5700,8.7383518,8.648221,2,3,1,3,2
1,2.385,8754.5391,10000,9.0773277,9.2103405,2,3,1,1,3
1,2.713,17509.078,20000,9.7704744,9.9034872,1,3,0,3,2
1,2.911,4596.1333,7500,8.432971,8.922658,0,3,0,2,0
1,3.072,3282.9521,18000,8.0964985,9.7981272,0,3,0,3,1
0,3.241,5471.5869,15000,8.6073236,9.6158056,0,3,1,3,2
0,3.483,6565.9043,8000,8.7896452,8.9871969,0,3,1,3,1
0,3.51,5471.5869,15000,8.6073236,9.6158056,0,3,0,3,1
1,3.612,3282.9521,7000,8.0964985,8.8536654,0,3,0,3,1
0,3.221,6565.9043,13000,8.7896452,9.4727049,0,3,0,2,3
1,2.38,4924.4282,4500,8.5019636,8.4118328,0,3,1,3,2
0,3.49,4184.1274,3900,8.3390532,8.2687321,0,3,1,2,0
0,3.465,10943.174,15000,9.3004713,9.6158056,1,3,1,3,1
1,3.714,16414.762,20000,9.7059364,9.9034872,1,3,0,3,2
0,3.896,10943.174,15000,9.3004713,9.6158056,1,3,1,2,2
1,2.842,6565.9043,14000,8.7896452,9.546813,0,3,1,3,4
1,3.306,7660.2217,20000,8.9437962,9.9034872,0,3,1,3,1
0,3.898,6565.9043,10000,8.7896452,9.2103405,1,3,0,1,3
0,3.455,6565.9043,12000,8.7896452,9.392662,1,3,1,3,2
1,2.461,5471.5869,30000,8.6073236,10.308952,0,3,1,2,1
0,3.142,8754.5391,100000,9.0773277,11.512925,1,3,1,2,1
0,3.347,8754.5391,15000,9.0773277,9.6158056,0,3,1,3,2
0,3.367,5252.7236,13000,8.5665016,9.4727049,0,3,1,2,3
0,3.014,3830.1108,22000,8.2506495,9.9987974,0,3,1,3,2
0,3.618,6565.9043,11000,8.7896452,9.3056507,0,3,0,2,3
0,3.833,9848.8564,14000,9.1951103,9.546813,1,3,1,3,1
0,3.211,10943.174,9000,9.3004713,9.1049795,2,3,0,3,1
1,3.08,5471.5869,5000,8.6073236,8.5171928,0,3,1,3,2
0,3.731,7660.2217,7000,8.9437962,8.8536654,1,3,1,2,3
0,4.092,21886.348,20000,9.993618,9.9034872,1,3,1,2,4
1,3.175,4924.4282,9000,8.5019636,9.1049795,0,3,0,2,1
0,3.302,13131.809,15000,9.4827929,9.6158056,0,3,1,3,1
1,2.979,6565.9043,25000,8.7896452,10.126631,0,3,1,3,2
0,2.329,3282.9521,4000,8.0964985,8.2940493,2,3,0,1,0
0,3.941,7660.2217,22000,8.9437962,9.9987974,2,3,1,3,1
0,3.63,3830.1108,6000,8.2506495,8.6995144,0,3,1,3,0
0,3.461,7509.9722,7000,8.9239874,8.8536654,1,3,1,3,2
1,2.94,3830.1108,8000,8.2506495,8.9871969,0,3,0,2,4
0,2.859,10943.174,10000,9.3004713,9.2103405,0,3,1,3,2
0,3.424,3830.1108,6000,8.2506495,8.6995144,0,3,0,2,4
0,3.845,9848.8564,12000,9.1951103,9.392662,1,4,0,1,4
0,3.947,16092.797,30000,9.6861267,10.308952,1,4,1,3,1
0,3.738,8582.8252,8000,9.057518,8.9871969,1,4,0,3,1
0,3.186,4377.2695,7000,8.3841801,8.8536654,0,4,0,3,1
1,3.575,4377.2695,13000,8.3841801,9.4727049,1,4,0,2,3
0,3.433,3282.9521,13000,8.0964985,9.4727049,0,4,1,1,4
0,3.619,5471.5869,8000,8.6073236,8.9871969,1,4,1,3,2
1,2.397,7509.9722,22000,8.9239874,9.9987974,0,4,1,2,2
1,3.147,12037.491,26000,9.3957815,10.165852,1,4,0,1,4
0,3.414,7509.9722,24000,8.9239874,10.085809,1,4,1,3,4
0,3.485,6565.9043,10000,8.7896452,9.2103405,0,4,1,3,2
1,3.704,8207.3809,8800,9.0127888,9.0825071,1,4,0,1,3
0,2.665,3830.1108,13000,8.2506495,9.4727049,2,4,1,3,1
1,2.671,3830.1108,12000,8.2506495,9.392662,0,4,0,2,1
0,2.945,5471.5869,8000,8.6073236,8.9871969,0,4,1,3,2
0,2.875,3447.0999,10000,8.1452885,9.2103405,0,4,0,1,3
1,2.907,6565.9043,9400,8.7896452,9.1484652,0,4,1,3,2
1,3.477,5471.5869,22000,8.6073236,9.9987974,1,4,1,3,1
0,3.693,4377.2695,5000,8.3841801,8.5171928,0,4,0,1,3
1,3.316,5471.5869,7000,8.6073236,8.8536654,1,4,1,3,1
0,3.277,7660.2217,8000,8.9437962,8.9871969,1,4,0,1,3
0,3.194,9441.1074,10800,9.1528282,9.2873011,1,4,0,2,3
0,3.004,3754.9861,3800,8.2308397,8.2427559,0,4,1,3,1
0,3.305,9655.6787,12000,9.1753016,9.392662,0,4,1,1,2
1,3.787,21457.063,22000,9.9738092,9.9987974,1,4,1,3,1
0,3.241,7509.9722,7000,8.9239874,8.8536654,1,4,1,2,1
0,2.956,8582.8252,12000,9.057518,9.392662,0,4,1,3,2
0,2.959,9119.252,6500,9.1181431,8.7795572,0,4,0,2,3
0,2.899,6565.9043,12000,8.7896452,9.392662,0,4,1,3,2
1,3.079,19697.713,40000,9.888258,10.596635,0,4,0,1,0
1,3.066,10943.174,20000,9.3004713,9.9034872,0,4,0,3,2
1,2.99,10943.174,12000,9.3004713,9.392662,0,4,0,1,4
1,3.374,10728.531,10000,9.2806616,9.2103405,1,4,0,1,4
1,2.753,7509.9722,13000,8.9239874,9.4727049,2,4,0,3,1
0,2.984,1609.2797,5000,7.3835421,8.5171928,0,4,0,3,2
0,3.949,13947.091,18000,9.543026,9.7981272,1,4,1,2,4
0,3.382,11264.958,13500,9.3294525,9.5104446,1,4,1,2,0
1,3.276,8582.8252,9200,9.057518,9.1269588,1,4,0,2,0
1,3.19,8582.8252,15000,9.057518,9.6158056,2,4,1,3,2
1,1.931,10728.531,10000,9.2806616,9.2103405,0,4,1,3,2
0,3.451,6565.9043,16000,8.7896452,9.6803436,0,4,0,3,2
0,3.366,3754.9861,20000,8.2308397,9.9034872,0,4,1,3,1
0,3.721,3218.5593,4000,8.0766888,8.2940493,0,4,0,2,4
0,3.153,8046.3984,10000,8.99298,9.2103405,1,4,0,2,2
0,3.431,5690.4507,8500,8.6465445,9.047821,0,4,0,2,0
1,2.278,5364.2656,5000,8.5875149,8.5171928,2,4,1,3,2
1,3.108,6437.1187,6000,8.7698364,8.6995144,1,4,1,3,2
1,3.122,6437.1187,40000,8.7698364,10.596635,1,4,1,3,2
1,2.905,10192.104,9500,9.2293682,9.1590471,2,4,0,2,2
0,3.254,4827.8394,7000,8.4821539,8.8536654,2,4,0,2,0
0,3.239,8582.8252,12000,9.057518,9.392662,0,4,1,3,1
1,3.626,8582.8252,8000,9.057518,8.9871969,1,4,0,1,4
1,3.277,7509.9722,27000,8.9239874,10.203592,0,4,0,3,0
1,3.301,10728.531,10000,9.2806616,9.2103405,0,4,0,3,1
1,3.216,8754.5391,10000,9.0773277,9.2103405,0,4,1,1,4
1,2.674,4291.4126,7000,8.3643713,8.8536654,0,4,1,2,4
1,3.445,12874.237,17000,9.4629831,9.7409687,1,4,0,1,3
0,3.607,3218.5593,6000,8.0766888,8.6995144,0,5,0,1,3
0,3.432,3754.9861,8000,8.2308397,8.9871969,0,5,0,3,4
1,2.608,4291.4126,12000,8.3643713,9.392662,0,5,0,3,1
0,3.444,2145.7063,5000,7.6712241,8.5171928,0,5,0,2,3
0,2.652,6437.1187,10000,8.7698364,9.2103405,0,5,1,3,1
0,3.217,9119.252,7500,9.1181431,8.922658,1,5,1,3,1
0,3.349,5364.2656,7000,8.5875149,8.8536654,0,5,1,3,1
0,2.968,3218.5593,6000,8.0766888,8.6995144,0,5,1,3,1
1,2.536,10728.531,10000,9.2806616,9.2103405,1,5,0,3,2
0,3.25,21457.063,25000,9.9738092,10.126631,0,5,1,2,4
1,3.286,3218.5593,20000,8.0766888,9.9034872,0,5,0,1,4
0,2.437,5364.2656,4000,8.5875149,8.2940493,1,5,0,2,0
0,3.393,2682.1328,3000,7.8943677,8.0063677,1,5,0,3,2
0,3.224,3754.9861,8000,8.2308397,8.9871969,1,5,0,2,0
1,3.349,6437.1187,8000,8.7698364,8.9871969,1,5,0,2,0
1,2.696,6437.1187,8000,8.7698364,8.9871969,0,5,0,3,4
0,2.34,4291.4126,10000,8.3643713,9.2103405,0,5,1,2,0
0,3.054,4827.8394,6000,8.4821539,8.6995144,0,5,0,2,3
1,3.262,4505.9834,8800,8.4131613,9.0825071,0,5,1,2,3
1,3.108,15019.944,20000,9.6171341,9.9034872,2,5,1,3,2
0,3.528,8582.8252,15000,9.057518,9.6158056,1,5,1,3,2
1,2.305,22851.771,21300,10.036784,9.9664621,0,5,1,3,2
1,3.131,4291.4126,9000,8.3643713,9.1049795,0,5,1,3,4
0,3.319,3218.5593,6000,8.0766888,8.6995144,0,5,0,2,1
1,3.114,5578.8364,5500,8.6267357,8.6125031,0,5,1,1,0
0,3.204,3282.9521,6000,8.0964985,8.6995144,1,5,1,3,1
0,3.503,10728.531,10000,9.2806616,9.2103405,1,5,1,3,1
1,2.478,10943.174,20000,9.3004713,9.9034872,2,5,1,3,2
1,2.597,3611.2476,3500,8.1918087,8.1605186,2,5,0,3,1
0,3.377,3830.1108,10000,8.2506495,9.2103405,0,5,0,1,4
0,2.922,8377.0,7655,9.0332451,8.9431143,0,5,1,3,2
0,2.645,5471.5869,15000,8.6073236,9.6158056,2,5,1,3,1
0,2.947,6018.7456,10000,8.7026339,9.2103405,0,5,0,1,3
0,2.321,2735.7935,7000,7.9141769,8.8536654,0,5,1,1,4
1,3.042,4377.2695,20000,8.3841801,9.9034872,0,5,1,3,0
0,3.528,5471.5869,7000,8.6073236,8.8536654,1,5,1,3,2
0,3.277,4377.2695,4000,8.3841801,8.2940493,0,5,1,3,2
0,3.57,3282.9521,10000,8.0964985,9.2103405,0,5,0,1,3
0,3.46,5471.5869,8000,8.6073236,8.9871969,1,5,0,2,0
1,2.805,5471.5869,8000,8.6073236,8.9871969,0,5,0,2,2
0,2.854,7660.2217,10000,8.9437962,9.2103405,0,5,1,3,2
0,3.366,4377.2695,7500,8.3841801,8.922658,0,5,0,1,0
0,3.221,1860.3396,10000,7.5285144,9.2103405,0,5,0,1,0
1,2.843,5471.5869,5000,8.6073236,8.5171928,2,5,1,3,2
0,3.881,9848.8564,10000,9.1951103,9.2103405,1,5,1,3,2
0,3.214,3282.9521,4000,8.0964985,8.2940493,0,5,0,1,3
0,3.505,6565.9043,9000,8.7896452,9.1049795,0,5,1,2,1
0,3.357,3830.1108,11000,8.2506495,9.3056507,0,5,1,1,2
0,3.486,4596.1333,7000,8.432971,8.8536654,1,5,0,3,1
1,2.895,5471.5869,11000,8.6073236,9.3056507,2,5,0,2,2
0,3.253,3282.9521,7000,8.0964985,8.8536654,0,5,1,2,2
0,2.729,8754.5391,10000,9.0773277,9.2103405,0,5,1,3,2
1,2.735,3282.9521,7000,8.0964985,8.8536654,0,5,0,1,3
0,3.789,4377.2695,10000,8.3841801,9.2103405,0,5,0,2,0
0,3.307,2789.4182,8000,7.9335885,8.9871969,0,5,0,2,3
0,3.113,4291.4126,4000,8.3643713,8.2940493,0,5,1,1,3
0,3.478,4291.4126,9000,8.3643713,9.1049795,0,5,0,1,3
0,3.366,6437.1187,2300,8.7698364,7.7406645,0,5,1,2,4
1,3.062,5364.2656,20000,8.5875149,9.9034872,0,5,1,2,0
1,3.134,6437.1187,12000,8.7698364,9.392662,0,5,0,1,3
1,2.671,8582.8252,8000,9.057518,8.9871969,1,5,1,3,2
0,3.677,8046.3984,12000,8.99298,9.392662,1,5,1,2,0
0,3.442,3754.9861,3500,8.2308397,8.1605186,0,5,1,3,1
0,3.537,16092.797,10000,9.6861267,9.2103405,0,5,1,3,2
1,3.076,4184.1274,8000,8.3390532,8.9871969,0,5,0,1,4
1,3.006,3647.7007,22000,8.2018518,9.9987974,0,5,0,2,4
1,3.058,7660.2217,15000,8.9437962,9.6158056,0,5,1,1,4
0,2.995,2735.7935,3300,7.9141769,8.1016779,2,5,0,2,0
1,2.474,5471.5869,12000,8.6073236,9.392662,0,5,1,1,3
1,2.518,4377.2695,13000,8.3841801,9.4727049,0,5,1,1,2
1,3.368,3282.9521,15000,8.0964985,9.6158056,0,5,0,3,0
1,3.104,5471.5869,6000,8.6073236,8.6995144,1,5,0,2,4
1,2.886,5471.5869,10000,8.6073236,9.2103405,0,5,1,3,4
0,3.429,3282.9521,15000,8.0964985,9.6158056,0,5,1,2,3
0,3.415,4377.2695,12000,8.3841801,9.392662,0,5,1,3,1
0,3.428,9301.6982,20000,9.1379519,9.9034872,0,5,1,1,4
0,3.227,7660.2217,6000,8.9437962,8.6995144,0,5,1,3,1
0,3.163,3282.9521,4000,8.0964985,8.2940493,1,5,1,3,1
1,3.183,10943.174,23000,9.3004713,10.043249,0,5,1,2,4
0,3.749,10728.531,12000,9.2806616,9.392662,1,5,0,1,3
