gender,grade,provin,school,worklocation,NCEE_science,NCEE_art,gpa,wageb,wagea,lnbwage,lnawage,nonac,gradchoice,major,hheconstat,Pedu,Poccu,emptype,sector
0,2009,61,12,61,,,3.204,3282.9521,6000,8.0964985,8.6995144,0,1,5,1,3,1,1,1
1,2009,33,10,31,,,3.706,10943.174,30000,9.3004713,10.308952,1,1,1,1,2,2,2,2
1,2009,42,10,44,,,3.176,5471.5869,20000,8.6073236,9.9034872,0,0,1,0,1,0,3,2
1,2009,51,10,11,,,3.006,3830.1108,12000,8.2506495,9.392662,0,2,1,0,1,3,3,1
0,2009,51,10,51,,,3.271,3064.0889,4000,8.0275059,8.2940493,1,0,1,1,3,2,1,1
1,2009,51,10,51,,,3.35,6565.9043,8000,8.7896452,8.9871969,0,1,1,0,3,1,1,1
0,2009,43,5,31,,,3.863,7660.2217,20000,8.9437962,9.9034872,1,1,3,0,2,3,2,2
0,2009,36,5,33,,,2.908,5471.5869,5000,8.6073236,8.5171928,1,0,3,0,2,2,2,2
1,2009,51,5,51,,,3.858,4377.2695,4000,8.3841801,8.2940493,1,1,3,0,2,4,1,1
1,2009,41,5,41,,,3.475,10943.174,8000,9.3004713,8.9871969,0,2,3,1,2,3,2,2
0,2009,51,5,51,,,3.716,6565.9043,8000,8.7896452,8.9871969,1,1,3,1,3,1,1,1
0,2009,41,5,33,,,3.643,14226.126,13000,9.5628357,9.4727049,0,0,3,0,3,2,3,1
1,2009,65,15,65,,,2.366,3282.9521,4500,8.0964985,8.4118328,1,2,3,0,2,3,1,1
0,2009,46,15,46,,,3.341,3282.9521,8000,8.0964985,8.9871969,0,0,3,1,3,1,1,1
0,2009,14,15,14,,,3.526,4377.2695,5000,8.3841801,8.5171928,0,0,3,1,2,4,2,2
1,2009,51,16,51,,,2.501,21886.348,20000,9.993618,9.9034872,0,0,2,0,2,0,2,2
1,2009,50,16,50,,,3.33,5471.5869,8000,8.6073236,8.9871969,0,0,2,0,1,3,2,2
0,2009,51,16,51,,,3.277,6565.9043,10000,8.7896452,9.2103405,0,0,2,0,1,1,3,2
0,2009,22,16,11,,,2.832,7660.2217,11000,8.9437962,9.3056507,1,1,2,1,3,2,3,1
0,2009,51,16,51,,,3.3,6565.9043,10000,8.7896452,9.2103405,1,0,2,1,3,1,2,2
0,2009,65,16,65,,,2.124,3282.9521,5000,8.0964985,8.5171928,1,0,2,1,1,0,1,1
0,2009,23,16,23,,,3.699,10943.174,14000,9.3004713,9.546813,1,0,2,1,3,1,3,2
0,2009,51,16,51,,,3.303,4924.4282,4000,8.5019636,8.2940493,1,0,2,0,3,1,2,2
1,2009,51,16,51,,,3.544,8754.5391,10000,9.0773277,9.2103405,0,1,2,1,2,2,2,2
1,2009,41,16,44,,,3.371,7879.0854,20000,8.9719667,9.9034872,0,0,2,1,3,2,2,2
1,2009,62,16,37,,,3.588,6565.9043,10000,8.7896452,9.2103405,1,1,2,0,3,4,2,2
0,2009,51,16,11,,,3.664,14226.126,40000,9.5628357,10.596635,0,1,2,1,3,2,2,2
0,2009,51,16,51,,,3.671,5471.5869,8000,8.6073236,8.9871969,0,1,2,1,1,0,1,2
1,2009,50,16,50,,,3.086,10943.174,18000,9.3004713,9.7981272,0,0,2,1,3,2,2,2
1,2009,23,16,11,,,2.596,21886.348,8000,9.993618,8.9871969,0,1,2,1,3,2,3,2
1,2009,42,16,42,,,2.624,5471.5869,10000,8.6073236,9.2103405,1,0,2,0,2,0,2,2
0,2009,37,16,37,,,3.625,10943.174,10000,9.3004713,9.2103405,1,1,2,1,3,2,2,2
1,2009,41,16,46,,,3.564,4377.2695,20000,8.3841801,9.9034872,1,0,2,0,1,3,2,1
0,2009,51,16,51,,,3.081,8754.5391,10000,9.0773277,9.2103405,1,0,2,0,2,0,2,2
0,2009,53,16,,,,3.198,6565.9043,5600,8.7896452,8.6305218,0,0,2,1,3,2,1,1
1,2009,11,16,11,,,3.049,8754.5391,50000,9.0773277,10.819778,1,1,2,1,3,2,2,2
1,2009,53,16,53,,,3.6,8754.5391,14000,9.0773277,9.546813,1,0,2,1,3,2,2,2
1,2009,51,16,11,,,3.835,8754.5391,25000,9.0773277,10.126631,1,1,2,0,3,1,3,2
0,2009,51,16,51,,,3.733,5471.5869,9000,8.6073236,9.1049795,0,0,2,1,3,1,3,2
0,2009,51,16,51,,,3.328,4377.2695,10000,8.3841801,9.2103405,1,0,2,1,1,4,2,2
0,2009,13,16,11,,,3.164,6565.9043,20000,8.7896452,9.9034872,0,0,2,1,3,1,2,2
1,2009,51,16,50,,,3.149,10943.174,10000,9.3004713,9.2103405,0,0,2,0,3,2,2,2
1,2009,51,16,51,,,3.622,8207.3809,7500,9.0127888,8.922658,0,1,2,1,3,1,3,2
1,2009,51,16,51,,,3.546,10943.174,20000,9.3004713,9.9034872,1,0,2,0,1,0,3,2
1,2009,51,16,51,,,3.983,10943.174,13000,9.3004713,9.4727049,1,1,2,1,2,4,1,1
1,2009,23,16,23,,,2.7,4377.2695,7000,8.3841801,8.8536654,1,0,2,0,1,4,2,2
1,2009,51,16,,,,3.484,8754.5391,20000,9.0773277,9.9034872,1,1,2,1,3,2,3,1
1,2009,37,16,31,,,3.18,10833.742,12000,9.2904205,9.392662,1,1,2,1,3,2,2,2
0,2009,11,16,11,,,3.648,8754.5391,15000,9.0773277,9.6158056,0,1,2,0,3,0,3,2
0,2009,61,16,31,,,3.714,9848.8564,16000,9.1951103,9.6803436,1,1,2,1,3,2,3,2
1,2009,51,16,31,,,2.68,3282.9521,8000,8.0964985,8.9871969,1,1,2,1,3,2,2,2
1,2009,21,16,21,,,2.673,6565.9043,6000,8.7896452,8.6995144,0,0,2,1,2,2,2,2
1,2009,51,16,11,,,3.988,13131.809,35000,9.4827929,10.463103,1,1,2,1,3,2,2,2
0,2009,46,16,44,,,3.707,8426.2441,12000,9.0391064,9.392662,1,1,2,1,3,1,2,2
1,2009,51,16,51,,,3.529,6565.9043,11000,8.7896452,9.3056507,1,1,2,0,3,2,2,2
0,2009,51,16,51,,,3.571,7113.063,4500,8.869688,8.4118328,0,0,2,0,2,4,1,1
0,2009,51,3,51,,,3.537,5471.5869,9000,8.6073236,9.1049795,1,0,2,1,1,3,3,1
0,2009,51,3,51,,,3.521,10943.174,10000,9.3004713,9.2103405,1,1,2,1,3,1,3,2
1,2009,65,3,51,,,2.917,8754.5391,12000,9.0773277,9.392662,0,0,2,0,2,4,3,2
1,2009,13,3,13,,,3.28,3282.9521,5000,8.0964985,8.5171928,0,0,2,1,3,4,2,1
1,2009,51,3,51,,,2.984,3282.9521,10000,8.0964985,9.2103405,0,0,2,0,3,2,2,2
0,2009,65,3,65,,,2.515,4377.2695,4200,8.3841801,8.3428402,0,2,2,1,1,0,1,1
1,2009,61,3,11,,,2.793,10943.174,25000,9.3004713,10.126631,1,1,2,1,3,1,2,2
1,2009,44,3,44,,,2.522,4377.2695,10000,8.3841801,9.2103405,0,0,2,1,2,0,2,2
1,2009,34,3,46,,,2.754,4377.2695,8000,8.3841801,8.9871969,0,1,2,1,2,4,2,2
1,2009,21,3,21,,,2.711,3501.8157,4500,8.1610365,8.4118328,0,0,2,0,2,4,3,2
0,2009,51,3,32,,,3.598,8207.3809,10000,9.0127888,9.2103405,0,0,2,1,2,2,2,2
0,2009,51,3,31,,,3.326,10943.174,12000,9.3004713,9.392662,1,1,2,1,3,2,3,2
0,2009,51,3,11,,,3.582,25169.301,28000,10.13338,10.23996,0,1,2,1,3,1,2,2
1,2009,51,3,44,,,3.466,14226.126,20000,9.5628357,9.9034872,0,1,2,1,2,3,3,2
1,2009,41,3,41,,,2.624,3830.1108,40000,8.2506495,10.596635,1,2,2,0,2,3,2,2
0,2009,50,3,11,,,4.024,8207.3809,6000,9.0127888,8.6995144,1,1,2,0,1,0,3,2
0,2009,51,3,51,,,3.355,4377.2695,10000,8.3841801,9.2103405,0,0,2,0,1,3,3,2
0,2009,61,3,11,,,3.197,9848.8564,11000,9.1951103,9.3056507,0,1,2,1,3,1,3,2
0,2009,23,3,51,,,3.624,10943.174,10000,9.3004713,9.2103405,1,1,2,1,3,0,2,2
0,2009,51,3,51,,,3.536,3282.9521,8000,8.0964985,8.9871969,0,0,2,0,3,2,3,2
1,2009,12,3,11,,,2.999,8207.3809,10000,9.0127888,9.2103405,0,1,2,0,3,2,2,2
1,2009,51,3,44,,,3.5,18603.396,25000,9.8310995,10.126631,0,1,2,1,3,1,3,2
1,2009,51,3,31,,,2.633,6565.9043,1000,8.7896452,6.9077554,0,1,2,1,2,2,3,1
1,2009,50,3,11,,,3.003,4377.2695,33000,8.3841801,10.404263,1,0,2,0,1,3,3,
1,2009,42,7,42,,,2.895,5471.5869,11000,8.6073236,9.3056507,0,2,5,0,2,2,2,2
0,2009,33,15,33,,,3.527,6565.9043,2500,8.7896452,7.8240461,0,0,3,1,2,2,1,1
0,2009,52,7,51,,,3.486,4596.1333,7000,8.432971,8.8536654,1,1,5,0,3,1,2,1
1,2009,45,13,31,,,3.477,5471.5869,22000,8.6073236,9.9987974,1,1,4,1,3,1,2,2
0,2009,53,7,53,,,3.357,3830.1108,11000,8.2506495,9.3056507,1,0,5,1,1,2,2,2
0,2009,36,7,36,,,3.505,6565.9043,9000,8.7896452,9.1049795,0,0,5,1,2,1,1,1
0,2009,23,7,62,,,3.214,3282.9521,4000,8.0964985,8.2940493,1,0,5,0,1,3,1,1
0,2009,15,3,11,,,3.722,8754.5391,10000,9.0773277,9.2103405,0,1,2,1,3,0,2,2
0,2009,43,7,11,,,3.881,9848.8564,10000,9.1951103,9.2103405,0,1,5,1,3,2,1,1
1,2009,21,7,51,,,2.843,5471.5869,5000,8.6073236,8.5171928,0,2,5,1,3,2,1,1
0,2009,51,7,51,,,3.221,1860.3396,10000,7.5285144,9.2103405,0,0,5,0,1,0,3,1
0,2009,52,7,52,,,3.366,4377.2695,7500,8.3841801,8.922658,0,0,5,0,1,0,2,2
0,2009,35,7,,,,2.854,7660.2217,10000,8.9437962,9.2103405,0,0,5,1,3,2,2,2
1,2009,50,15,31,,,3.058,12037.491,11000,9.3957815,9.3056507,1,1,2,1,3,2,2,2
1,2009,14,15,14,,,3.554,6565.9043,6000,8.7896452,8.6995144,0,1,2,0,1,0,2,2
0,2009,50,15,50,,,3.586,3282.9521,8000,8.0964985,8.9871969,0,0,2,1,1,0,1,1
0,2009,46,15,46,,,3.401,6565.9043,10000,8.7896452,9.2103405,0,0,2,0,2,3,2,2
1,2009,50,15,50,,,2.439,5471.5869,10000,8.6073236,9.2103405,0,0,2,1,2,1,2,2
1,2009,50,15,44,,,3.761,3830.1108,13000,8.2506495,9.4727049,1,1,2,0,2,3,3,2
1,2009,44,15,44,,,2.338,5252.7236,20000,8.5665016,9.9034872,0,0,2,0,2,4,3,2
1,2009,11,15,11,,,2.591,8754.5391,25000,9.0773277,10.126631,0,0,2,1,3,2,2,2
0,2009,33,15,11,,,3.57,10943.174,25000,9.3004713,10.126631,1,0,2,1,3,1,3,2
1,2009,51,12,51,,,2.805,5471.5869,8000,8.6073236,8.9871969,1,0,5,0,2,2,2,2
0,2009,43,12,44,,,3.46,5471.5869,8000,8.6073236,8.9871969,0,1,5,0,2,0,2,1
0,2009,50,12,50,,,3.57,3282.9521,10000,8.0964985,9.2103405,0,0,5,0,1,3,3,1
0,2009,13,12,13,,,3.277,4377.2695,4000,8.3841801,8.2940493,1,0,5,1,3,2,1,1
0,2009,50,12,50,,,3.528,5471.5869,7000,8.6073236,8.8536654,1,1,5,1,3,2,2,2
1,2009,46,12,46,,,3.042,4377.2695,20000,8.3841801,9.9034872,0,0,5,1,3,0,3,1
0,2009,50,12,51,,,2.321,2735.7935,7000,7.9141769,8.8536654,0,0,5,1,1,4,1,1
0,2009,22,12,11,,,2.947,6018.7456,10000,8.7026339,9.2103405,0,0,5,0,1,3,3,1
0,2009,62,12,51,,,2.645,5471.5869,15000,8.6073236,9.6158056,0,2,5,1,3,1,3,1
0,2009,52,12,65,,,2.922,8377,7655,9.0332451,8.9431143,0,0,5,1,3,2,2,1
0,2009,43,12,44,,,3.377,3830.1108,10000,8.2506495,9.2103405,1,0,5,0,1,4,1,1
1,2009,51,12,51,,,2.597,3611.2476,3500,8.1918087,8.1605186,0,2,5,0,3,1,1,1
1,2009,46,12,46,,,2.478,10943.174,20000,9.3004713,9.9034872,0,2,5,1,3,2,2,2
0,2009,65,12,51,,,3.253,3282.9521,7000,8.0964985,8.8536654,1,0,5,1,2,2,3,1
0,2009,37,12,11,,,2.729,8754.5391,10000,9.0773277,9.2103405,0,0,5,1,3,2,1,1
0,2009,37,16,37,,,3.679,4924.4282,4500,8.5019636,8.4118328,0,0,2,1,3,2,1,1
1,2009,12,12,12,,,2.735,3282.9521,7000,8.0964985,8.8536654,0,0,5,0,1,3,2,1
0,2009,33,12,,,,3.789,4377.2695,10000,8.3841801,9.2103405,1,0,5,0,2,0,3,1
0,2009,35,12,35,,,3.163,3282.9521,4000,8.0964985,8.2940493,1,1,5,1,3,1,1,1
1,2009,65,13,31,,,3.147,12037.491,26000,9.3957815,10.165852,0,1,4,0,1,4,3,1
1,2009,51,13,51,,,3.066,10943.174,20000,9.3004713,9.9034872,0,0,4,0,3,2,2,2
1,2009,37,13,11,,,3.575,4377.2695,13000,8.3841801,9.4727049,1,1,4,0,2,3,2,2
0,2009,50,13,50,,,3.186,4377.2695,7000,8.3841801,8.8536654,1,0,4,0,3,1,1,1
0,2009,44,13,44,,,3.431,5690.4507,8500,8.6465445,9.047821,0,0,4,0,2,0,3,1
0,2009,51,13,51,,,3.845,9848.8564,12000,9.1951103,9.392662,1,1,4,0,1,4,3,2
0,2009,65,13,44,,,2.665,3830.1108,13000,8.2506495,9.4727049,1,2,4,1,3,1,1,1
0,2009,13,13,13,,,3.619,5471.5869,8000,8.6073236,8.9871969,1,1,4,1,3,2,1,1
0,2009,51,13,33,,,2.899,6565.9043,12000,8.7896452,9.392662,1,0,4,1,3,2,3,1
1,2009,51,13,44,,,3.079,19697.713,40000,9.888258,10.596635,0,0,4,0,1,0,3,2
0,2009,41,13,11,,,3.451,6565.9043,16000,8.7896452,9.6803436,0,0,4,0,3,2,3,1
1,2009,50,9,50,,,2.99,10943.174,12000,9.3004713,9.392662,0,0,4,0,1,4,2,2
1,2009,51,9,51,,,3.216,8754.5391,10000,9.0773277,9.2103405,0,0,4,1,1,4,2,2
1,2009,62,2,51,,,3.173,4924.4282,6000,8.5019636,8.6995144,1,0,3,0,1,3,1,1
0,2009,61,9,61,,,3.595,6565.9043,6000,8.7896452,8.6995144,0,1,3,0,3,4,1,1
1,2009,46,9,32,,,2.773,7113.063,10000,8.869688,9.2103405,0,1,3,1,3,2,3,1
1,2009,23,9,31,,,2.744,4377.2695,25000,8.3841801,10.126631,0,0,3,0,3,2,3,2
1,2009,37,6,11,,,3.369,5471.5869,15000,8.6073236,9.6158056,0,1,3,1,2,1,2,2
0,2009,50,16,31,,,3.81,9848.8564,20000,9.1951103,9.9034872,1,1,2,0,3,4,2,2
1,2009,51,9,44,,,3.557,17509.078,24000,9.7704744,10.085809,0,1,3,1,3,2,3,1
0,2009,51,9,31,,,3.297,7113.063,12000,8.869688,9.392662,1,1,3,0,3,1,3,2
0,2009,51,9,51,,,3.516,5471.5869,5000,8.6073236,8.5171928,1,0,3,0,2,3,3,1
1,2009,50,6,50,,,2.747,4267.8379,8000,8.3588629,8.9871969,1,0,3,1,2,1,1,1
1,2009,34,6,51,,,3.229,6565.9043,10000,8.7896452,9.2103405,1,0,3,1,3,2,3,2
0,2009,43,6,44,,,3.765,8207.3809,12000,9.0127888,9.392662,1,1,3,1,3,0,2,1
0,2009,51,6,51,,,3.429,5471.5869,5500,8.6073236,8.6125031,0,0,3,1,3,1,2,2
0,2009,41,6,33,,,3.112,3282.9521,5000,8.0964985,8.5171928,0,0,3,0,1,3,1,1
1,2009,50,6,50,,,3.024,10943.174,20000,9.3004713,9.9034872,1,0,3,1,1,4,2,2
0,2009,63,6,31,,,3.299,3282.9521,10000,8.0964985,9.2103405,1,0,3,0,2,1,3,1
0,2009,36,6,44,,,3.578,4377.2695,10000,8.3841801,9.2103405,0,0,3,0,2,4,1,1
0,2009,51,6,51,,,3.687,6565.9043,7000,8.7896452,8.8536654,0,0,3,0,2,3,1,1
0,2009,61,6,51,,,2.991,3939.5427,6000,8.27882,8.6995144,1,0,3,1,2,2,3,2
0,2009,42,6,42,,,3.47,5471.5869,6000,8.6073236,8.6995144,0,0,3,0,3,0,1,1
1,2009,50,6,50,,,3.205,10943.174,6500,9.3004713,8.7795572,0,0,3,1,2,4,2,2
1,2009,51,6,51,,,3.419,4377.2695,7200,8.3841801,8.8818359,0,0,3,0,1,3,2,1
0,2009,50,6,50,,,3.634,4377.2695,10000,8.3841801,9.2103405,0,0,3,1,2,0,2,2
0,2009,51,6,51,,,3.558,8207.3809,7500,9.0127888,8.922658,1,1,3,0,1,0,3,2
0,2009,15,6,44,,,3.271,6018.7456,7000,8.7026339,8.8536654,1,0,3,1,2,0,2,2
0,2009,45,6,45,,,3.161,4377.2695,6500,8.3841801,8.7795572,0,0,3,1,1,3,2,2
1,2009,50,6,50,,,2.744,5471.5869,8000,8.6073236,8.9871969,1,0,3,0,2,3,2,2
0,2009,14,6,14,,,3.41,3282.9521,4500,8.0964985,8.4118328,1,0,3,1,2,2,1,1
0,2009,33,6,33,,,2.369,3282.9521,4200,8.0964985,8.3428402,0,0,3,1,1,2,3,1
0,2009,51,6,51,,,3.802,3282.9521,7500,8.0964985,8.922658,0,0,3,0,3,4,3,1
0,2009,51,6,51,,,3.139,4377.2695,8000,8.3841801,8.9871969,0,0,3,0,1,3,2,2
0,2009,51,6,51,,,3.147,8754.5391,15000,9.0773277,9.6158056,0,0,3,1,3,2,3,1
1,2009,13,6,,,,2.892,10943.174,12000,9.3004713,9.392662,1,1,3,1,2,4,1,1
0,2009,12,6,11,,,3.523,5471.5869,10000,8.6073236,9.2103405,0,1,3,1,3,1,3,1
1,2009,32,6,32,,,2.894,10943.174,6000,9.3004713,8.6995144,0,0,3,0,3,1,2,2
1,2009,51,6,51,,,2.974,4377.2695,10000,8.3841801,9.2103405,1,0,3,1,1,4,3,2
1,2009,33,6,33,,,2.612,3282.9521,5850,8.0964985,8.6741972,0,0,3,0,1,4,3,1
0,2009,51,6,11,,,3.443,13131.809,12000,9.4827929,9.392662,0,0,3,0,2,4,3,1
1,2009,22,6,11,,,2.722,4377.2695,20000,8.3841801,9.9034872,1,0,3,1,2,4,3,1
0,2009,41,6,44,,,3.726,4377.2695,20000,8.3841801,9.9034872,1,0,3,0,1,3,3,2
0,2009,37,16,11,,,3.936,7660.2217,10000,8.9437962,9.2103405,0,1,2,1,3,4,3,2
0,2009,63,6,51,,,3.534,9848.8564,16000,9.1951103,9.6803436,0,1,3,0,3,2,3,1
0,2009,51,6,11,,,3.799,9411.1299,17000,9.1496487,9.7409687,1,1,3,1,2,1,3,1
0,2009,52,6,,,,3.174,5471.5869,7000,8.6073236,8.8536654,0,1,3,1,3,1,3,1
0,2009,50,6,,,,3.003,6018.7456,10000,8.7026339,9.2103405,0,0,3,1,2,1,2,2
0,2009,51,16,51,,,3.686,6565.9043,4800,8.7896452,8.4763708,0,0,2,1,1,4,3,1
1,2009,33,6,31,,,2.587,7660.2217,10000,8.9437962,9.2103405,0,1,3,1,3,2,2,1
0,2009,50,6,50,,,3.06,5471.5869,7000,8.6073236,8.8536654,0,0,3,1,3,1,1,1
0,2009,51,6,51,,,3.215,5471.5869,6000,8.6073236,8.6995144,0,0,3,1,1,3,2,2
1,2009,50,2,50,,,3.16,4377.2695,20000,8.3841801,9.9034872,0,0,3,1,3,2,2,2
1,2009,44,2,44,,,3.445,10943.174,25000,9.3004713,10.126631,0,0,3,1,1,0,2,1
1,2009,51,2,51,,,3.149,3282.9521,6000,8.0964985,8.6995144,0,0,3,0,3,2,1,1
0,2009,51,2,51,,,3.688,6565.9043,15000,8.7896452,9.6158056,0,1,3,1,2,0,3,1
0,2009,51,2,51,,,3.591,8754.5391,10000,9.0773277,9.2103405,1,0,3,1,1,3,2,1
0,2009,50,2,50,,,3.452,6565.9043,9000,8.7896452,9.1049795,0,1,3,1,2,1,1,1
0,2009,43,2,51,,,3.28,4377.2695,10000,8.3841801,9.2103405,1,0,3,0,1,4,2,2
1,2009,51,2,51,,,3.181,7660.2217,7000,8.9437962,8.8536654,1,0,3,1,3,0,1,1
1,2009,50,2,44,,,3.356,6565.9043,15000,8.7896452,9.6158056,0,0,3,1,1,1,3,1
1,2009,54,2,51,,,2.47,5471.5869,11000,8.6073236,9.3056507,0,0,3,1,3,0,2,1
0,2009,64,2,50,,,3.636,7660.2217,7000,8.9437962,8.8536654,1,2,3,1,3,2,2,1
1,2009,43,2,43,,,3.219,3830.1108,3200,8.2506495,8.0709057,0,0,3,1,2,1,1,1
0,2009,42,2,53,,,3.59,4924.4282,9200,8.5019636,9.1269588,0,0,3,1,3,1,2,1
1,2009,51,2,51,,,2.994,8754.5391,8000,9.0773277,8.9871969,0,1,3,1,3,2,3,1
0,2009,51,2,51,,,3.758,16414.762,20000,9.7059364,9.9034872,0,0,3,0,3,1,2,2
1,2009,51,2,52,,,3.172,10943.174,23000,9.3004713,10.043249,0,0,3,1,2,3,2,1
1,2009,52,2,32,,,2.768,5471.5869,8000,8.6073236,8.9871969,0,0,3,0,3,2,,1
1,2009,63,2,11,,,3.242,4377.2695,9000,8.3841801,9.1049795,1,0,3,1,3,2,,1
0,2009,51,2,51,,,3.522,9848.8564,9000,9.1951103,9.1049795,1,1,3,0,3,2,2,2
0,2009,51,2,51,,,3.64,8754.5391,12000,9.0773277,9.392662,1,0,3,0,1,3,3,
1,2009,51,2,51,,,3.225,8754.5391,9000,9.0773277,9.1049795,0,0,3,0,1,3,3,1
0,2009,50,2,11,,,3.822,6565.9043,24000,8.7896452,10.085809,1,0,3,0,2,3,3,2
0,2009,51,2,51,,,3.327,5471.5869,10000,8.6073236,9.2103405,0,0,3,0,3,1,2,1
1,2009,51,2,51,,,3.419,5471.5869,10000,8.6073236,9.2103405,0,1,3,0,3,1,3,2
0,2009,21,2,11,,,3.709,7113.063,24000,8.869688,10.085809,0,0,3,1,3,2,3,1
0,2009,51,2,51,,,3.317,3064.0889,6500,8.0275059,8.7795572,0,0,3,0,1,3,3,1
0,2009,63,2,63,,,3.374,4924.4282,12000,8.5019636,9.392662,0,0,3,1,3,1,2,2
1,2009,41,2,44,,,3.294,10943.174,20000,9.3004713,9.9034872,1,0,3,0,2,0,2,2
0,2009,51,2,51,,,3.7,8754.5391,12000,9.0773277,9.392662,0,1,3,0,1,3,3,1
0,2009,61,2,61,,,3.493,5471.5869,8000,8.6073236,8.9871969,0,0,3,1,3,2,2,1
0,2009,64,2,64,,,3.378,9848.8564,3300,9.1951103,8.1016779,0,0,3,1,2,4,1,1
0,2009,13,2,11,,,3.302,13131.809,15000,9.4827929,9.6158056,0,0,3,1,3,1,2,2
1,2009,50,2,50,,,2.979,6565.9043,25000,8.7896452,10.126631,1,0,3,1,3,2,2,2
0,2009,50,2,50,,,2.329,3282.9521,4000,8.0964985,8.2940493,0,2,3,0,1,0,1,1
0,2009,51,2,50,,,3.941,7660.2217,22000,8.9437962,9.9987974,0,2,3,1,3,1,3,2
0,2009,45,2,45,,,3.63,3830.1108,6000,8.2506495,8.6995144,0,0,3,1,3,0,2,1
1,2009,51,2,51,,,2.94,3830.1108,8000,8.2506495,8.9871969,0,0,3,0,2,4,2,1
0,2009,51,2,51,,,3.424,3830.1108,6000,8.2506495,8.6995144,0,0,3,0,2,4,2,1
0,2009,51,2,,,,2.859,10943.174,10000,9.3004713,9.2103405,1,0,3,1,3,2,2,2
1,2009,41,2,11,,,3.175,4924.4282,9000,8.5019636,9.1049795,1,0,3,0,2,1,2,2
0,2009,13,2,11,,,3.731,7660.2217,7000,8.9437962,8.8536654,0,1,3,1,2,3,2,1
0,2009,13,2,11,,,3.455,6565.9043,12000,8.7896452,9.392662,1,1,3,1,3,2,3,2
0,2009,51,2,51,,,3.483,6565.9043,8000,8.7896452,8.9871969,1,0,3,1,3,1,2,1
0,2009,63,2,51,,,3.241,5471.5869,15000,8.6073236,9.6158056,1,0,3,1,3,2,2,2
0,2009,35,16,35,,,3.66,8754.5391,15000,9.0773277,9.6158056,0,0,2,1,3,1,3,2
1,2009,53,2,51,,,3.072,3282.9521,18000,8.0964985,9.7981272,1,0,3,0,3,1,2,1
1,2009,53,2,,,,2.911,4596.1333,7500,8.432971,8.922658,0,0,3,0,2,0,,1
1,2009,44,4,44,,,2.713,17509.078,20000,9.7704744,9.9034872,0,1,3,0,3,2,2,2
1,2009,65,4,65,,,2.385,8754.5391,10000,9.0773277,9.2103405,1,2,3,1,1,3,2,2
0,2009,46,4,46,,,3.483,6237.6094,5700,8.7383518,8.648221,0,2,3,1,3,2,1,1
0,2009,51,4,11,,,3.516,8754.5391,20000,9.0773277,9.9034872,0,1,3,1,3,1,3,1
0,2009,63,4,63,,,3.21,6565.9043,7000,8.7896452,8.8536654,1,1,3,0,1,3,2,1
0,2009,51,4,51,,,3.301,1969.7714,7000,7.5856729,8.8536654,0,0,3,0,3,2,2,2
0,2009,13,4,51,,,2.883,10943.174,20000,9.3004713,9.9034872,1,0,3,0,2,1,3,2
0,2009,45,6,45,,,3.223,5471.5869,5000,8.6073236,8.5171928,0,0,3,0,3,0,1,1
0,2009,31,4,31,,,2.737,6565.9043,12000,8.7896452,9.392662,0,0,3,1,3,1,2,2
0,2009,50,4,50,,,3.266,3830.1108,7000,8.2506495,8.8536654,0,0,3,0,1,3,2,1
0,2009,51,4,51,,,3.382,3282.9521,6000,8.0964985,8.6995144,0,0,3,0,1,4,3,1
0,2009,51,4,44,,,3.51,5471.5869,15000,8.6073236,9.6158056,1,0,3,0,3,1,3,1
1,2009,45,4,45,,,3.612,3282.9521,7000,8.0964985,8.8536654,1,0,3,0,3,1,2,2
0,2009,42,4,32,,,4.092,21886.348,20000,9.993618,9.9034872,0,1,3,1,2,4,2,1
0,2009,50,4,51,,,3.221,6565.9043,13000,8.7896452,9.4727049,1,0,3,0,2,3,2,1
1,2009,62,5,62,,,2.38,4924.4282,4500,8.5019636,8.4118328,0,0,3,1,3,2,1,1
0,2009,51,5,51,,,3.211,10943.174,9000,9.3004713,9.1049795,0,2,3,0,3,1,1,1
0,2009,45,5,44,,,3.833,9848.8564,14000,9.1951103,9.546813,0,1,3,1,3,1,3,2
0,2009,62,5,,,,3.618,6565.9043,11000,8.7896452,9.3056507,1,0,3,0,2,3,2,2
0,2009,23,5,44,,,3.014,3830.1108,22000,8.2506495,9.9987974,1,0,3,1,3,2,3,1
0,2009,32,5,33,,,3.367,5252.7236,13000,8.5665016,9.4727049,0,0,3,1,2,3,3,1
0,2009,15,5,11,,,3.347,8754.5391,15000,9.0773277,9.6158056,0,0,3,1,3,2,3,2
0,2009,51,5,51,,,3.142,8754.5391,100000,9.0773277,11.512925,1,1,3,1,2,1,3,1
1,2009,51,5,11,,,3.08,5471.5869,5000,8.6073236,8.5171928,0,0,3,1,3,2,2,2
0,2009,32,16,32,,,3.851,21886.348,20000,9.993618,9.9034872,1,1,2,1,2,1,2,
1,2009,14,6,31,,,2.461,5471.5869,30000,8.6073236,10.308952,0,0,3,1,2,1,3,2
0,2009,52,6,52,,,3.898,6565.9043,10000,8.7896452,9.2103405,0,1,3,0,1,3,1,1
1,2009,41,2,44,,,3.306,7660.2217,20000,8.9437962,9.9034872,0,0,3,1,3,1,2,
1,2009,45,9,45,,,2.842,6565.9043,14000,8.7896452,9.546813,1,0,3,1,3,4,2,2
0,2009,50,2,50,,,3.896,10943.174,15000,9.3004713,9.6158056,0,1,3,1,2,2,2,2
1,2009,50,9,44,,,3.714,16414.762,20000,9.7059364,9.9034872,1,1,3,0,3,2,3,2
0,2009,65,9,51,,,3.465,10943.174,15000,9.3004713,9.6158056,0,1,3,1,3,1,1,1
0,2010,50,9,51,597,619,3.49,4184.1274,3900,8.3390532,8.2687321,0,0,3,1,2,0,1,1
0,2009,51,9,51,,,3.647,4377.2695,5000,8.3841801,8.5171928,0,0,3,0,1,3,3,1
0,2009,45,9,,,,3.504,10943.174,17000,9.3004713,9.7409687,1,0,3,1,3,2,2,1
0,2009,42,9,51,,,3.141,3282.9521,12000,8.0964985,9.392662,1,0,3,1,1,3,3,2
0,2009,13,9,13,,,3.299,4158.4063,5000,8.3328867,8.5171928,1,0,3,1,2,4,1,2
0,2009,43,9,42,,,2.506,6565.9043,8000,8.7896452,8.9871969,1,2,3,1,3,1,1,1
0,2009,51,9,51,,,3.533,3830.1108,7500,8.2506495,8.922658,1,0,3,0,1,3,2,1
0,2009,21,1,21,,,3.227,7660.2217,6000,8.9437962,8.6995144,1,0,5,1,3,1,2,2
0,2009,43,1,44,,,3.428,9301.6982,20000,9.1379519,9.9034872,1,0,5,1,1,4,3,2
0,2009,34,4,34,,,3.107,2188.6348,3000,7.6910334,8.0063677,0,2,3,0,1,4,1,1
1,2009,54,4,54,,,2.176,10943.174,15000,9.3004713,9.6158056,0,0,3,0,1,3,2,2
1,2009,11,8,11,,,3.18,5471.5869,33000,8.6073236,10.404263,1,0,2,0,3,1,3,2
0,2009,15,4,15,,,3.041,9848.8564,9000,9.1951103,9.1049795,0,0,3,0,3,0,2,1
0,2009,51,11,51,,,3.277,7660.2217,8000,8.9437962,8.9871969,1,1,4,0,1,3,1,1
1,2009,14,11,14,,,3.316,5471.5869,7000,8.6073236,8.8536654,0,1,4,1,3,1,2,2
0,2009,14,11,14,,,3.693,4377.2695,5000,8.3841801,8.5171928,1,0,4,0,1,3,2,2
1,2009,44,11,44,,,2.907,6565.9043,9400,8.7896452,9.1484652,0,0,4,1,3,2,2,1
0,2009,51,11,51,,,2.875,3447.0999,10000,8.1452885,9.2103405,1,0,4,0,1,3,2,1
0,2009,65,11,65,,,2.945,5471.5869,8000,8.6073236,8.9871969,0,0,4,1,3,2,2,2
1,2009,51,11,51,,,2.671,3830.1108,12000,8.2506495,9.392662,0,0,4,0,2,1,3,2
0,2009,33,11,33,,,3.433,3282.9521,13000,8.0964985,9.4727049,0,0,4,1,1,4,3,2
1,2009,51,11,51,,,3.704,8207.3809,8800,9.0127888,9.0825071,0,1,4,0,1,3,3,2
0,2009,50,13,31,,,3.485,6565.9043,10000,8.7896452,9.2103405,1,0,4,1,3,2,3,2
0,2009,36,13,44,,,3.775,8207.3809,9400,9.0127888,9.1484652,1,1,3,0,2,3,3,2
1,2009,23,13,31,,,3.666,21886.348,45000,9.993618,10.714417,1,1,3,1,2,4,2,2
0,2009,46,13,46,,,3.58,9848.8564,9000,9.1951103,9.1049795,0,1,3,1,3,2,1,2
0,2009,13,13,11,,,2.875,4377.2695,8000,8.3841801,8.9871969,0,0,3,1,3,2,2,1
0,2009,43,15,43,,,3.756,13131.809,20000,9.4827929,9.9034872,1,0,3,1,3,2,2,2
0,2009,51,15,51,,,3.433,3939.5427,4500,8.27882,8.4118328,0,0,3,1,3,1,2,2
0,2009,34,15,34,,,3.529,8754.5391,11000,9.0773277,9.3056507,1,0,3,1,1,4,2,2
0,2009,51,15,11,,,3.2,9301.6982,8500,9.1379519,9.047821,0,0,3,1,3,2,2,1
0,2009,44,15,44,,,3.62,5471.5869,7500,8.6073236,8.922658,1,0,3,1,3,0,2,1
0,2009,53,1,53,,,3.415,4377.2695,12000,8.3841801,9.392662,0,0,5,1,3,1,1,1
0,2009,52,1,54,,,3.429,3282.9521,15000,8.0964985,9.6158056,0,0,5,1,2,3,2,1
1,2009,31,1,31,,,2.886,5471.5869,10000,8.6073236,9.2103405,0,0,5,1,3,4,3,2
1,2009,43,1,11,,,3.104,5471.5869,6000,8.6073236,8.6995144,1,1,5,0,2,4,3,1
1,2009,34,1,31,,,3.368,3282.9521,15000,8.0964985,9.6158056,0,0,5,0,3,0,3,
1,2009,45,3,45,,,2.518,4377.2695,13000,8.3841801,9.4727049,1,0,5,1,1,2,2,2
0,2009,41,16,11,,,3.511,8754.5391,9000,9.0773277,9.1049795,0,1,2,0,3,1,1,1
1,2009,41,3,37,,,2.474,5471.5869,12000,8.6073236,9.392662,0,0,5,1,1,3,2,1
0,2009,37,16,37,,,3.775,4924.4282,11000,8.5019636,9.3056507,0,1,2,0,2,0,3,1
0,2009,61,3,61,,,2.995,2735.7935,3300,7.9141769,8.1016779,0,2,5,0,2,0,1,1
1,2009,37,1,44,,,3.183,10943.174,23000,9.3004713,10.043249,1,0,5,1,2,4,2,2
1,2009,35,7,35,,,3.058,7660.2217,15000,8.9437962,9.6158056,1,0,5,1,1,4,2,2
1,2009,50,5,51,,,3.378,5471.5869,8000,8.6073236,8.9871969,0,0,3,0,1,4,3,2
0,2009,12,5,11,,,3.345,9028.1191,11000,9.108099,9.3056507,0,1,3,1,3,1,3,2
1,2010,42,10,51,582,554,3.694,10728.531,13000,9.2806616,9.4727049,1,1,1,0,1,3,3,2
0,2010,13,10,11,609,578,3.572,9119.252,16000,9.1181431,9.6803436,1,1,1,1,3,1,3,2
1,2010,33,10,31,614,632,3.756,8582.8252,8000,9.057518,8.9871969,0,1,1,0,1,3,2,2
0,2010,50,10,51,597,619,3.123,5364.2656,7000,8.5875149,8.8536654,0,0,1,1,2,1,1,1
0,2010,42,10,12,582,554,3.096,4291.4126,25000,8.3643713,10.126631,1,0,1,0,1,3,3,1
0,2010,50,10,51,597,619,3.369,4827.8394,4500,8.4821539,8.4118328,1,1,1,0,1,1,1,1
0,2010,50,10,31,597,619,3.873,12874.237,12000,9.4629831,9.392662,1,1,1,0,2,3,2,2
0,2010,51,5,51,558,571,3.914,16092.797,15000,9.6861267,9.6158056,1,1,3,0,3,1,2,1
0,2010,51,5,51,558,571,3.152,3754.9861,5000,8.2308397,8.5171928,1,0,3,1,1,3,2,2
0,2010,51,5,33,558,571,3.13,8582.8252,13000,9.057518,9.4727049,0,1,3,1,3,1,3,1
0,2010,43,5,43,602,607,3.032,9655.6787,8000,9.1753016,8.9871969,0,2,3,1,3,2,1,1
1,2010,51,5,51,558,571,2.729,5364.2656,4000,8.5875149,8.2940493,0,0,3,1,3,2,2,2
1,2010,51,13,31,558,571,3.374,10728.531,10000,9.2806616,9.2103405,1,1,4,0,1,4,3,2
1,2010,43,5,43,602,607,3.403,8582.8252,12000,9.057518,9.392662,1,0,3,1,3,0,3,2
0,2010,33,5,33,614,632,3.327,7509.9722,4000,8.9239874,8.2940493,1,0,3,1,3,2,3,2
0,2010,32,5,32,380,364,3.544,16092.797,14000,9.6861267,9.546813,0,0,3,0,1,4,3,2
0,2010,51,5,11,558,571,3.457,14483.518,15000,9.5807667,9.6158056,1,0,3,1,1,0,3,1
1,2010,51,16,44,558,571,3.798,10728.531,10000,9.2806616,9.2103405,1,1,2,1,1,3,2,2
0,2010,53,5,53,588,554,3.127,8582.8252,9500,9.057518,9.1590471,0,1,3,1,3,1,2,2
0,2010,21,5,11,583,567,3.126,6973.5454,18000,8.8498793,9.7981272,1,0,3,1,3,2,2,1
0,2010,61,5,61,612,605,3.265,5686.1216,5300,8.6457834,8.5754623,0,2,3,1,3,1,1,1
0,2010,22,5,,595,558,3.749,7509.9722,7000,8.9239874,8.8536654,1,1,3,1,3,1,1,2
0,2010,51,15,51,558,571,3.618,5364.2656,8000,8.5875149,8.9871969,1,0,3,0,1,3,2,1
0,2010,36,16,,562,559,3.977,17165.65,20000,9.7506657,9.9034872,0,1,2,0,3,2,2,2
0,2010,51,15,51,558,571,3.281,2574.8477,3600,7.8535457,8.1886892,0,0,3,0,1,3,1,1
0,2010,65,15,65,552,531,3.203,4291.4126,5600,8.3643713,8.6305218,0,0,3,1,3,4,3,1
0,2010,34,6,34,624,614,3.537,5364.2656,8000,8.5875149,8.9871969,1,0,3,1,2,1,1,2
1,2010,65,15,65,552,531,2.204,7509.9722,7000,8.9239874,8.8536654,0,0,3,1,3,0,1,1
1,2010,41,15,41,590,565,3.098,12874.237,12000,9.4629831,9.392662,1,0,3,0,2,4,1,1
0,2010,53,15,53,588,554,3.312,8582.8252,10000,9.057518,9.2103405,0,0,3,0,1,3,2,2
1,2010,51,16,51,558,571,2.644,6437.1187,20000,8.7698364,9.9034872,0,2,2,1,3,2,2,2
0,2010,51,16,44,558,571,3.415,6437.1187,7000,8.7698364,8.8536654,1,1,2,1,3,2,3,1
0,2010,51,16,11,558,571,3.334,10728.531,10000,9.2806616,9.2103405,1,1,2,1,2,4,1,1
1,2010,50,16,50,597,619,3.436,12874.237,26000,9.4629831,10.165852,1,0,2,1,2,4,1,2
1,2010,51,8,44,558,571,3.872,16092.797,25000,9.6861267,10.126631,0,1,2,1,3,2,3,2
1,2010,35,16,35,596,592,3.575,5900.6924,7500,8.6828251,8.922658,0,1,2,1,2,2,2,2
0,2010,42,16,32,582,554,3.694,4827.8394,6000,8.4821539,8.6995144,0,2,2,0,2,4,3,1
1,2010,50,16,11,597,619,3.027,10728.531,15000,9.2806616,9.6158056,0,1,2,1,3,2,3,2
1,2010,33,16,33,614,632,3.174,3218.5593,5000,8.0766888,8.5171928,1,1,2,1,3,1,3,1
1,2010,37,16,44,633,628,2.876,10728.531,10000,9.2806616,9.2103405,1,1,2,0,1,3,2,2
1,2010,32,16,32,380,364,3.601,5364.2656,9000,8.5875149,9.1049795,1,0,2,1,3,1,1,1
1,2010,35,16,33,596,592,3.387,17702.076,17500,9.7814369,9.7699566,0,1,2,0,3,1,3,2
1,2010,21,16,21,583,567,2.987,8582.8252,80000,9.057518,11.289782,0,0,2,1,3,1,2,2
0,2010,51,16,51,558,571,3.658,8582.8252,5500,9.057518,8.6125031,1,1,2,1,3,2,2,2
0,2010,45,16,45,553,553,3.48,42914.125,13000,10.666956,9.4727049,0,0,2,1,2,0,2,2
0,2010,65,16,31,552,531,3.191,5900.6924,6000,8.6828251,8.6995144,1,1,2,1,3,1,3,2
0,2010,51,16,51,558,571,3.692,7509.9722,10000,8.9239874,9.2103405,0,1,2,1,2,2,2,2
1,2010,50,16,50,597,619,2.626,6437.1187,9000,8.7698364,9.1049795,1,0,2,0,3,1,2,1
0,2010,32,16,31,380,364,3.667,16092.797,15000,9.6861267,9.6158056,0,1,2,1,3,2,3,2
1,2010,51,16,51,558,571,3.269,5364.2656,16000,8.5875149,9.6803436,0,0,2,1,3,2,2,2
0,2010,51,16,,558,571,3.587,9655.6787,10000,9.1753016,9.2103405,1,1,2,1,3,1,3,2
1,2010,22,16,44,595,558,3.177,10728.531,20000,9.2806616,9.9034872,1,1,2,1,3,2,2,2
1,2010,63,16,52,424,453,2.259,5364.2656,12000,8.5875149,9.392662,0,0,2,1,3,1,2,2
0,2010,32,16,31,380,364,3.688,6222.5483,10000,8.7359352,9.2103405,0,1,2,1,2,4,3,1
1,2010,51,16,44,558,571,3.628,40231.992,37500,10.602418,10.532096,1,1,2,1,3,1,2,2
0,2010,51,16,31,558,571,3.573,10192.104,9500,9.2293682,9.1590471,1,2,2,0,2,4,3,2
1,2010,33,16,31,614,632,3.175,16092.797,15000,9.6861267,9.6158056,0,1,2,1,3,2,2,2
1,2010,36,16,51,562,559,3.155,3218.5593,15500,8.0766888,9.6485949,1,0,2,0,1,3,2,
0,2010,53,16,53,588,554,3.364,7509.9722,11000,8.9239874,9.3056507,1,0,2,1,3,1,2,2
0,2010,12,16,12,570,571,3.621,4291.4126,7000,8.3643713,8.8536654,1,0,2,1,3,2,2,
1,2010,51,16,51,558,571,2.565,6437.1187,8000,8.7698364,8.9871969,0,0,2,0,1,3,2,2
0,2010,50,16,51,597,619,3.741,6437.1187,6000,8.7698364,8.6995144,1,1,2,0,2,0,2,1
0,2010,51,16,44,558,571,3.765,10513.961,50000,9.2604589,10.819778,0,1,2,1,3,4,2,2
1,2010,51,16,51,558,571,3.335,8904.6807,8300,9.0943327,9.0240107,1,1,2,1,3,1,2,2
1,2010,11,16,11,570,526,2.689,10728.531,10000,9.2806616,9.2103405,1,1,2,1,3,1,2,2
0,2010,37,16,37,633,628,3.258,5364.2656,5500,8.5875149,8.6125031,0,0,2,0,3,2,1,2
1,2010,51,16,11,558,571,3.629,10728.531,20000,9.2806616,9.9034872,0,1,2,1,3,2,3,2
1,2010,51,16,51,558,571,3.391,10728.531,10000,9.2806616,9.2103405,1,1,2,1,3,2,3,2
0,2010,15,16,44,538,500,3.421,17165.65,27000,9.7506657,10.203592,0,1,2,1,3,2,3,2
0,2010,51,16,44,558,571,3.76,8046.3984,11000,8.99298,9.3056507,0,1,2,1,2,1,3,2
1,2010,50,16,50,597,619,2.868,6437.1187,6000,8.7698364,8.6995144,1,0,2,1,3,1,2,2
1,2010,51,16,44,558,571,3.658,21457.063,35000,9.9738092,10.463103,1,1,2,1,3,2,2,2
1,2010,62,16,64,590,552,3.313,64371.188,6000,11.072421,8.6995144,0,0,2,0,1,3,2,2
1,2010,51,16,51,558,571,3.244,12874.237,8000,9.4629831,8.9871969,1,1,2,1,3,2,3,2
0,2010,51,16,,558,571,3.452,4291.4126,7000,8.3643713,8.8536654,1,0,2,0,3,4,2,2
0,2010,51,16,51,558,571,3.649,5364.2656,6000,8.5875149,8.6995144,0,1,2,1,3,1,3,1
0,2010,37,16,11,633,628,3.417,23602.77,22000,10.069119,9.9987974,1,1,2,1,3,2,2,2
1,2010,15,14,15,538,500,2.583,5364.2656,5200,8.5875149,8.5564137,0,0,2,1,2,4,1,1
1,2010,34,14,34,624,614,2.723,4291.4126,8000,8.3643713,8.9871969,1,0,2,1,2,1,3,1
0,2010,51,14,11,558,571,3.27,9119.252,8500,9.1181431,9.047821,1,1,2,0,3,2,3,2
0,2010,46,14,11,711,752,3.461,10728.531,10000,9.2806616,9.2103405,0,1,2,1,2,2,2,2
1,2010,51,14,51,558,571,3.836,6437.1187,6000,8.7698364,8.6995144,1,1,2,1,3,1,2,2
0,2010,51,14,51,558,571,3.449,8582.8252,12000,9.057518,9.392662,1,1,2,1,3,2,2,2
1,2010,53,14,53,588,554,3.339,5364.2656,8000,8.5875149,8.9871969,1,1,2,0,3,2,2,2
1,2010,51,14,51,558,571,2.638,5364.2656,8000,8.5875149,8.9871969,1,0,2,0,3,2,2,2
1,2010,51,3,51,558,571,2.617,5364.2656,6000,8.5875149,8.6995144,0,0,2,1,2,0,2,2
1,2010,35,3,35,596,592,2.763,4613.2686,5100,8.4366922,8.5369959,0,2,2,1,3,2,2,2
0,2010,13,16,,609,578,3.953,19311.357,35000,9.8684483,10.463103,0,1,2,1,3,2,2,2
0,2010,51,3,51,558,571,3.305,5364.2656,5000,8.5875149,8.5171928,0,1,2,1,2,4,3,1
1,2010,50,3,50,597,619,2.486,9119.252,8500,9.1181431,9.047821,0,0,2,0,2,0,1,1
1,2010,43,3,44,602,607,2.808,10728.531,32000,9.2806616,10.373491,1,1,2,0,1,4,2,2
1,2010,51,3,11,558,571,3.365,7509.9722,25000,8.9239874,10.126631,1,0,2,1,1,3,3,1
0,2010,51,3,51,558,571,3.389,4291.4126,6000,8.3643713,8.6995144,0,0,2,0,2,4,2,2
0,2010,65,3,31,552,531,3.65,10728.531,18000,9.2806616,9.7981272,0,0,2,1,3,2,3,2
0,2010,22,3,51,595,558,2.961,4291.4126,6000,8.3643713,8.6995144,0,0,2,1,2,4,3,1
0,2010,12,3,51,570,571,3.519,6437.1187,15000,8.7698364,9.6158056,1,0,2,1,2,1,2,2
0,2010,51,3,11,558,571,2.956,3433.1301,12000,8.1412277,9.392662,0,2,2,0,3,1,3,2
1,2010,53,3,53,588,554,2.872,4291.4126,10000,8.3643713,9.2103405,1,0,2,1,1,3,2,2
1,2010,51,3,51,558,571,1.996,3218.5593,9800,8.0766888,9.1901379,0,0,2,1,3,2,2,2
1,2010,34,3,11,624,614,3.405,15019.944,20000,9.6171341,9.9034872,1,1,2,1,3,2,2,2
0,2010,43,3,,602,607,3.55,10728.531,10000,9.2806616,9.2103405,0,0,2,1,2,1,3,2
0,2010,53,3,51,588,554,2.978,4291.4126,5000,8.3643713,8.5171928,0,0,2,0,3,1,2,2
1,2010,62,3,44,590,552,2.902,5364.2656,20000,8.5875149,9.9034872,1,0,2,0,1,2,3,2
1,2010,65,3,11,552,531,2.585,3433.1301,10000,8.1412277,9.2103405,1,0,2,0,1,0,2,1
0,2010,51,3,51,558,571,3.44,5364.2656,15000,8.5875149,9.6158056,1,0,2,1,3,2,2,2
0,2010,37,3,11,633,628,3.784,16092.797,15000,9.6861267,9.6158056,0,1,2,1,3,4,3,2
0,2010,64,3,64,546,541,3.162,3003.9888,3400,8.0076962,8.1315308,0,2,2,0,1,3,2,1
0,2010,51,3,51,558,571,3.327,4827.8394,6000,8.4821539,8.6995144,0,1,2,1,2,2,2,2
1,2010,51,3,51,558,571,2.542,5364.2656,10000,8.5875149,9.2103405,1,0,2,0,2,0,2,2
1,2010,36,8,11,562,559,3.936,19311.357,18000,9.8684483,9.7981272,1,1,2,0,2,2,3,1
1,2010,11,3,11,570,526,2.731,8046.3984,8500,8.99298,9.047821,0,1,2,1,3,2,2,2
0,2010,50,3,50,597,619,3.299,9655.6787,9000,9.1753016,9.1049795,1,1,2,0,1,3,1,1
0,2010,32,3,51,380,364,3.174,10728.531,2000,9.2806616,7.6009026,1,0,2,0,2,2,3,1
1,2010,51,3,44,558,571,3.016,16092.797,15000,9.6861267,9.6158056,1,1,2,1,3,2,2,1
0,2010,51,3,50,558,571,3.133,9655.6787,8000,9.1753016,8.9871969,1,0,2,0,2,4,2,2
0,2010,50,3,50,597,619,3.553,4291.4126,11000,8.3643713,9.3056507,1,0,2,1,3,1,3,1
0,2010,13,3,11,609,578,3.32,9226.5371,25000,9.1298389,10.126631,1,0,2,1,3,0,3,2
0,2010,51,3,51,558,571,3.013,9655.6787,9000,9.1753016,9.1049795,1,0,2,0,2,1,3,2
1,2010,22,3,11,595,558,3.172,9655.6787,13000,9.1753016,9.4727049,1,1,2,1,2,4,3,2
1,2010,37,3,11,633,628,3.092,6437.1187,18000,8.7698364,9.7981272,1,0,2,0,2,4,3,1
0,2010,43,3,44,602,607,3.91,11958.021,11146,9.3891573,9.3188362,1,1,2,1,3,4,2,2
0,2010,32,7,51,380,364,3.537,16092.797,10000,9.6861267,9.2103405,1,0,5,1,3,2,3,1
0,2010,21,7,21,583,567,3.442,3754.9861,3500,8.2308397,8.1605186,1,0,5,1,3,1,1,1
0,2010,35,7,35,596,592,3.677,8046.3984,12000,8.99298,9.392662,1,1,5,1,2,0,3,1
0,2010,37,16,11,633,628,3.914,8582.8252,15000,9.057518,9.6158056,1,1,2,1,3,1,2,2
1,2010,62,7,11,590,552,2.671,8582.8252,8000,9.057518,8.9871969,0,1,5,1,3,2,3,2
1,2010,51,7,51,558,571,3.134,6437.1187,12000,8.7698364,9.392662,1,0,5,0,1,3,3,2
1,2010,51,7,51,558,571,3.062,5364.2656,20000,8.5875149,9.9034872,1,0,5,1,2,0,3,1
0,2010,51,7,51,558,571,3.366,6437.1187,2300,8.7698364,7.7406645,1,0,5,1,2,4,1,1
0,2010,32,16,11,380,364,3.861,9333.8223,15000,9.1414003,9.6158056,1,1,2,1,3,4,3,1
0,2010,46,7,44,711,752,3.478,4291.4126,9000,8.3643713,9.1049795,1,0,5,0,1,3,3,1
0,2010,51,15,51,558,571,3.33,5364.2656,8000,8.5875149,8.9871969,1,0,2,1,1,3,2,2
0,2010,23,15,23,586,567,3.324,2467.5623,2300,7.810986,7.7406645,0,0,2,0,1,4,2,2
1,2010,35,15,11,596,592,3.284,16092.797,15000,9.6861267,9.6158056,0,1,2,1,3,2,3,2
0,2010,45,12,45,553,553,3.113,4291.4126,4000,8.3643713,8.2940493,1,0,5,1,1,3,3,2
0,2010,43,12,43,602,607,3.307,2789.4182,8000,7.9335885,8.9871969,1,0,5,0,2,3,2,2
0,2010,13,12,11,609,578,3.503,10728.531,10000,9.2806616,9.2103405,0,1,5,1,3,1,3,1
1,2010,34,12,51,624,614,3.006,3647.7007,22000,8.2018518,9.9987974,1,0,5,0,2,4,3,1
1,2010,35,16,,596,592,3.118,5364.2656,7000,8.5875149,8.8536654,0,1,2,0,3,2,2,2
0,2010,63,13,63,424,453,2.984,1609.2797,5000,7.3835421,8.5171928,1,0,4,0,3,2,2,1
0,2010,51,13,31,558,571,3.949,13947.091,18000,9.543026,9.7981272,1,1,4,1,2,4,3,2
0,2010,45,13,,553,553,3.153,8046.3984,10000,8.99298,9.2103405,0,1,4,0,2,2,3,2
1,2010,53,13,53,588,554,2.278,5364.2656,5000,8.5875149,8.5171928,0,2,4,1,3,2,3,1
1,2010,50,13,50,597,619,2.674,4291.4126,7000,8.3643713,8.8536654,1,0,4,1,2,4,3,2
0,2010,37,13,51,633,628,3.239,8582.8252,12000,9.057518,9.392662,1,0,4,1,3,1,1,1
1,2010,50,13,44,597,619,3.122,6437.1187,40000,8.7698364,10.596635,0,1,4,1,3,2,2,2
1,2010,51,13,51,558,571,3.108,6437.1187,6000,8.7698364,8.6995144,0,1,4,1,3,2,1,1
0,2010,13,8,31,609,578,4.176,8046.3984,25000,8.99298,10.126631,1,1,2,1,3,1,2,2
1,2010,35,13,35,596,592,2.905,10192.104,9500,9.2293682,9.1590471,1,2,4,0,2,2,2,1
0,2010,12,13,12,570,571,3.254,4827.8394,7000,8.4821539,8.8536654,0,2,4,0,2,0,3,1
1,2010,51,13,11,558,571,3.626,8582.8252,8000,9.057518,8.9871969,1,1,4,0,1,4,2,2
1,2010,51,13,50,558,571,3.301,10728.531,10000,9.2806616,9.2103405,1,0,4,0,3,1,3,2
1,2010,42,13,11,582,554,3.445,12874.237,17000,9.4629831,9.7409687,0,1,4,0,1,3,3,2
0,2010,33,13,31,614,632,3.414,7509.9722,24000,8.9239874,10.085809,1,1,4,1,3,4,3,2
0,2010,51,8,31,558,571,3.471,8582.8252,20000,9.057518,9.9034872,1,1,2,1,3,1,2,2
0,2010,41,13,11,590,565,3.194,9441.1074,10800,9.1528282,9.2873011,1,1,4,0,2,3,3,2
0,2010,65,13,65,552,531,3.004,3754.9861,3800,8.2308397,8.2427559,1,0,4,1,3,1,1,1
0,2010,51,13,50,558,571,3.305,9655.6787,12000,9.1753016,9.392662,1,0,4,1,1,2,2,2
1,2010,43,13,31,602,607,3.787,21457.063,22000,9.9738092,9.9987974,0,1,4,1,3,1,2,2
0,2010,51,13,51,558,571,3.241,7509.9722,7000,8.9239874,8.8536654,1,1,4,1,2,1,2,2
0,2010,12,13,50,570,571,2.956,8582.8252,12000,9.057518,9.392662,0,0,4,1,3,2,2,2
0,2010,51,13,51,558,571,2.959,9119.252,6500,9.1181431,8.7795572,1,0,4,0,2,3,3,2
0,2010,52,9,,574,564,3.313,7295.4014,12000,8.8949995,9.392662,0,1,3,1,3,2,3,1
1,2010,51,9,44,558,571,3.277,7509.9722,27000,8.9239874,10.203592,1,0,4,0,3,0,3,1
0,2010,51,9,51,558,571,3.332,5364.2656,5000,8.5875149,8.5171928,0,0,3,1,3,2,2,2
1,2010,21,9,51,583,567,3.215,17165.65,16000,9.7506657,9.6803436,0,2,3,1,3,1,1,1
1,2010,41,9,51,590,565,3.195,8046.3984,7500,8.99298,8.922658,1,0,3,0,2,4,2,
1,2010,41,9,51,590,565,3.499,7509.9722,20000,8.9239874,9.9034872,1,0,3,0,3,1,3,1
0,2010,43,9,43,602,607,3.371,5578.8364,6000,8.6267357,8.6995144,1,1,3,0,2,3,2,1
0,2010,64,9,51,546,541,3.308,5364.2656,9000,8.5875149,9.1049795,1,1,3,1,3,2,3,1
0,2010,22,9,44,595,558,3.054,10728.531,30000,9.2806616,10.308952,1,0,3,1,3,1,2,2
1,2010,51,6,31,558,571,3.011,4291.4126,50000,8.3643713,10.819778,1,0,3,1,2,2,3,2
1,2010,13,6,44,609,578,2.93,6437.1187,10000,8.7698364,9.2103405,0,0,3,1,1,4,2,1
1,2010,37,6,11,633,628,3.079,10728.531,10000,9.2806616,9.2103405,0,0,3,1,3,2,3,1
0,2010,62,6,65,590,552,3.114,4827.8394,5500,8.4821539,8.6125031,0,1,3,1,2,0,3,1
1,2010,41,6,11,590,565,3.217,4291.4126,6000,8.3643713,8.6995144,0,0,3,0,1,3,3,1
0,2010,50,6,50,597,619,3.057,6437.1187,8000,8.7698364,8.9871969,0,0,3,0,1,3,2,2
0,2010,51,6,51,558,571,3.482,4291.4126,5000,8.3643713,8.5171928,0,0,3,0,3,2,1,1
0,2010,62,6,62,590,552,3.424,2682.1328,3200,7.8943677,8.0709057,0,0,3,0,1,0,1,1
0,2010,42,6,50,582,554,3.265,9655.6787,12000,9.1753016,9.392662,0,0,3,1,2,2,2,2
1,2010,51,6,51,558,571,3.225,4827.8394,7000,8.4821539,8.8536654,0,0,3,0,1,3,2,2
1,2010,51,6,31,558,571,2.914,3218.5593,8000,8.0766888,8.9871969,0,0,3,0,1,3,2,2
1,2010,51,6,51,558,571,3.345,6437.1187,6000,8.7698364,8.6995144,1,1,3,1,3,2,2,2
0,2010,41,6,,590,565,3.054,4291.4126,5600,8.3643713,8.6305218,0,0,3,1,1,3,3,1
0,2010,50,6,31,597,619,3.496,6973.5454,13000,8.8498793,9.4727049,0,1,3,1,2,4,3,1
0,2010,45,6,45,553,553,3.1,3754.9861,3500,8.2308397,8.1605186,0,1,3,0,3,1,1,1
1,2010,50,6,37,597,619,3.166,6437.1187,10400,8.7698364,9.2495613,1,0,3,0,1,3,3,2
1,2010,34,6,34,624,614,3.179,3433.1301,11500,8.1412277,9.3501024,0,0,3,1,1,3,3,2
1,2010,52,6,52,574,564,3.227,6437.1187,15000,8.7698364,9.6158056,1,0,3,0,1,0,2,2
1,2010,34,6,31,624,614,2.917,9441.1074,10000,9.1528282,9.2103405,1,1,3,0,2,4,3,2
1,2010,33,6,33,614,632,2.553,10728.531,10000,9.2806616,9.2103405,0,0,3,0,1,4,1,1
1,2010,51,6,51,558,571,3.217,10728.531,20000,9.2806616,9.9034872,0,0,3,1,2,4,3,1
0,2010,51,6,51,558,571,3.308,5364.2656,7000,8.5875149,8.8536654,1,2,3,1,3,2,3,2
0,2010,51,6,51,558,571,3.411,8582.8252,8000,9.057518,8.9871969,1,0,3,0,1,3,3,2
0,2010,50,6,44,597,619,3.377,4291.4126,10000,8.3643713,9.2103405,1,0,3,1,2,2,3,1
0,2010,32,6,31,380,364,3.27,5364.2656,20000,8.5875149,9.9034872,1,0,3,1,3,1,3,1
0,2010,45,6,,553,553,3.527,4291.4126,2600,8.3643713,7.8632669,0,0,3,1,3,2,1,1
0,2010,51,6,51,558,571,3.506,6437.1187,8000,8.7698364,8.9871969,1,0,3,1,2,4,3,2
1,2010,32,6,31,380,364,3.509,11801.385,14000,9.3759718,9.546813,0,1,3,0,1,4,3,2
1,2010,13,6,11,609,578,2.947,4291.4126,8000,8.3643713,8.9871969,1,1,3,0,1,3,3,2
0,2010,52,6,50,574,564,3.161,3218.5593,8000,8.0766888,8.9871969,1,0,3,1,2,0,1,1
0,2010,36,6,32,562,559,3.444,10728.531,12000,9.2806616,9.392662,1,0,3,0,2,4,2,2
0,2010,62,13,31,590,552,3.947,16092.797,30000,9.6861267,10.308952,1,1,4,1,3,1,3,2
1,2010,65,2,65,552,531,2.867,10728.531,6200,9.2806616,8.7323046,0,0,3,1,3,2,1,
0,2010,51,2,51,558,571,2.851,8582.8252,10000,9.057518,9.2103405,0,1,3,0,3,2,3,2
0,2010,51,2,31,558,571,3.046,10728.531,8500,9.2806616,9.047821,1,0,3,1,3,1,3,1
0,2010,51,2,50,558,571,3.889,15019.944,14000,9.6171341,9.546813,1,1,3,0,1,0,2,2
1,2010,31,2,31,473,474,3.193,8368.2549,10000,9.0322008,9.2103405,0,1,3,0,2,0,3,2
0,2010,37,2,37,633,628,2.978,2574.8477,7500,7.8535457,8.922658,0,0,3,0,2,4,3,2
0,2010,51,2,51,558,571,3.477,7295.4014,15000,8.8949995,9.6158056,1,0,3,0,3,1,3,1
1,2010,54,2,31,366,366,2.949,10728.531,11000,9.2806616,9.3056507,0,1,3,1,3,2,2,2
1,2010,51,2,31,558,571,2.926,2896.7034,16000,7.9713287,9.6803436,0,0,3,0,1,3,3,2
0,2010,14,2,,566,553,3.571,10728.531,10000,9.2806616,9.2103405,1,1,3,1,3,1,2,2
0,2010,51,2,51,558,571,3.458,3218.5593,10000,8.0766888,9.2103405,0,0,3,0,3,0,3,2
1,2010,51,2,51,558,571,3.166,5364.2656,10000,8.5875149,9.2103405,0,1,3,1,3,1,3,1
0,2010,51,2,51,558,571,3.778,7778.1851,10000,8.9590778,9.2103405,0,1,3,1,3,2,2,2
0,2010,34,2,34,624,614,3.53,8046.3984,11000,8.99298,9.3056507,0,1,3,1,3,4,3,2
1,2010,50,2,50,597,619,3.182,5900.6924,8000,8.6828251,8.9871969,0,0,3,0,1,4,2,
0,2010,13,2,13,609,578,3.722,8582.8252,8000,9.057518,8.9871969,1,0,3,1,1,3,2,
0,2010,51,2,51,558,571,3.284,6437.1187,8000,8.7698364,8.9871969,1,1,3,1,3,1,1,1
0,2010,32,2,,380,364,3.05,10728.531,10000,9.2806616,9.2103405,0,0,3,1,3,2,2,2
0,2010,64,2,64,546,541,3.702,6437.1187,6000,8.7698364,8.6995144,0,1,3,1,1,0,2,1
1,2010,52,2,52,574,564,3.19,5364.2656,8000,8.5875149,8.9871969,1,0,3,1,2,4,1,1
1,2010,13,2,31,609,578,3.331,8582.8252,20000,9.057518,9.9034872,1,0,3,1,2,4,2,2
1,2010,45,2,45,553,553,3.504,8046.3984,6000,8.99298,8.6995144,0,2,3,1,3,2,2,1
0,2010,51,2,44,558,571,3.657,7295.4014,18000,8.8949995,9.7981272,1,0,3,1,3,1,2,2
0,2010,15,2,32,538,500,3.707,6437.1187,6000,8.7698364,8.6995144,0,1,3,1,3,2,2,1
1,2010,51,2,11,558,571,3.366,14483.518,19000,9.5807667,9.8521938,1,1,3,1,3,1,2,2
1,2010,34,2,11,624,614,3.777,16092.797,15000,9.6861267,9.6158056,1,1,3,0,2,0,2,2
0,2010,34,2,31,624,614,3.693,21457.063,23000,9.9738092,10.043249,1,1,3,1,3,4,2,2
0,2010,50,2,50,597,619,3.403,7509.9722,10000,8.9239874,9.2103405,0,1,3,1,3,1,3,1
0,2010,33,2,44,614,632,3.436,13947.091,13000,9.543026,9.4727049,0,1,3,1,2,3,3,1
0,2010,51,2,51,558,571,3.712,4291.4126,8000,8.3643713,8.9871969,0,0,3,1,3,1,1,1
0,2010,51,2,51,558,571,3.707,4827.8394,6000,8.4821539,8.6995144,0,0,3,0,1,3,3,1
0,2010,51,2,51,558,571,3.725,2682.1328,5000,7.8943677,8.5171928,1,0,3,1,3,2,2,2
0,2010,51,2,51,558,571,3.42,1823.8503,5000,7.5087051,8.5171928,0,0,3,1,3,1,2,
0,2010,64,2,11,546,541,3.217,5364.2656,11500,8.5875149,9.3501024,0,0,3,1,2,0,3,2
0,2010,64,2,64,546,541,3.387,7509.9722,7000,8.9239874,8.8536654,1,2,3,1,3,2,1,1
1,2010,33,2,44,614,632,3.666,10728.531,10000,9.2806616,9.2103405,1,1,3,0,1,0,2,2
1,2010,41,2,,590,565,2.825,2682.1328,7500,7.8943677,8.922658,0,0,3,0,2,3,3,1
0,2010,53,2,,588,554,3.707,10728.531,15000,9.2806616,9.6158056,1,1,3,1,3,1,3,1
0,2010,11,2,11,570,526,3.558,12874.237,14000,9.4629831,9.546813,0,1,3,1,3,2,2,2
0,2010,50,2,50,597,619,3.008,7509.9722,9000,8.9239874,9.1049795,0,0,3,1,3,1,2,1
0,2010,50,2,11,597,619,3.448,8582.8252,9000,9.057518,9.1049795,1,1,3,1,3,2,3,1
0,2010,51,2,31,558,571,3.497,10728.531,20000,9.2806616,9.9034872,1,1,3,0,1,3,2,2
1,2010,50,2,51,597,619,2.996,8582.8252,6000,9.057518,8.6995144,1,0,3,1,3,2,2,1
1,2010,51,2,51,558,571,3.105,4291.4126,7500,8.3643713,8.922658,1,0,3,1,1,0,,1
1,2010,51,4,51,558,571,3.038,8582.8252,14000,9.057518,9.546813,1,0,3,1,3,1,1,2
1,2010,34,4,51,624,614,3.357,7896.1992,8800,8.9741364,9.0825071,0,0,3,1,3,1,2,1
0,2010,36,4,13,562,559,3.214,4291.4126,5500,8.3643713,8.6125031,0,2,3,0,2,3,2,2
0,2010,35,13,35,596,592,3.738,8582.8252,8000,9.057518,8.9871969,1,1,4,0,3,1,1,1
1,2010,23,4,32,586,567,2.901,4291.4126,8000,8.3643713,8.9871969,0,0,3,0,1,1,3,1
0,2010,51,4,51,558,571,3.225,7509.9722,13000,8.9239874,9.4727049,0,0,3,1,3,2,2,1
0,2010,22,4,,595,558,3.118,8582.8252,15000,9.057518,9.6158056,0,0,3,1,2,4,2,2
0,2010,51,5,51,558,571,3.654,3218.5593,7000,8.0766888,8.8536654,0,0,3,0,2,0,3,2
1,2010,11,4,11,570,526,2.996,6973.5454,24000,8.8498793,10.085809,1,0,3,1,2,0,3,1
0,2010,63,4,63,424,453,3.109,5364.2656,5900,8.5875149,8.6827078,0,0,3,0,2,1,3,1
0,2010,13,4,13,609,578,3.503,7509.9722,10000,8.9239874,9.2103405,0,0,3,1,3,1,1,1
1,2010,51,4,51,558,571,3.412,10728.531,10000,9.2806616,9.2103405,0,1,3,0,2,3,2,2
1,2010,51,4,51,558,571,3.158,11801.385,8500,9.3759718,9.047821,1,0,3,1,3,2,1,1
0,2010,51,16,51,558,571,3.54,9655.6787,9000,9.1753016,9.1049795,0,0,2,1,3,2,2,2
0,2010,12,4,12,570,571,3.455,3218.5593,6000,8.0766888,8.6995144,0,0,3,1,3,2,3,2
0,2010,51,4,44,558,571,3.286,9655.6787,18000,9.1753016,9.7981272,1,0,3,1,3,1,3,1
0,2010,51,4,51,558,571,3.396,3647.7007,6000,8.2018518,8.6995144,1,0,3,1,1,3,1,1
1,2010,45,6,44,553,553,3.418,8582.8252,10000,9.057518,9.2103405,1,1,3,0,3,1,3,2
0,2010,61,6,,612,605,3.371,8582.8252,12000,9.057518,9.392662,0,1,3,0,2,4,3,1
0,2010,43,6,43,602,607,3.835,8582.8252,8000,9.057518,8.9871969,1,1,3,0,2,0,2,1
0,2010,15,6,11,538,500,3.482,10728.531,10000,9.2806616,9.2103405,0,1,3,1,3,2,2,1
1,2010,15,5,15,538,500,3.032,3754.9861,5500,8.2308397,8.6125031,1,0,3,0,2,2,1,1
0,2010,46,5,11,711,752,3.515,8582.8252,20000,9.057518,9.9034872,0,1,3,1,3,2,3,1
0,2010,51,5,51,558,571,3.337,8582.8252,13000,9.057518,9.4727049,1,1,3,0,3,2,2,1
1,2010,64,5,44,546,541,3.134,6973.5454,10000,8.8498793,9.2103405,0,0,3,0,3,1,3,1
0,2010,50,5,50,597,619,3.534,4827.8394,16500,8.4821539,9.7111158,0,0,3,1,3,2,2,2
1,2010,64,5,51,546,541,2.157,5364.2656,4500,8.5875149,8.4118328,0,0,3,1,3,1,3,1
1,2010,63,5,,424,453,2.69,3218.5593,8000,8.0766888,8.9871969,0,0,3,1,3,2,3,
0,2010,51,5,51,558,571,2.673,2896.7034,6000,7.9713287,8.6995144,0,0,3,0,2,3,3,1
1,2010,64,5,64,546,541,2.965,4291.4126,15000,8.3643713,9.6158056,1,0,3,0,3,2,3,2
0,2010,46,5,46,711,752,3.341,4291.4126,3300,8.3643713,8.1016779,1,0,3,1,3,2,2,2
0,2010,42,5,44,582,554,3.317,12874.237,12000,9.4629831,9.392662,1,0,3,0,2,1,3,2
0,2010,37,5,,633,628,3.132,8582.8252,8000,9.057518,8.9871969,1,1,3,1,3,1,2,2
1,2010,34,6,32,624,614,2.612,4291.4126,5700,8.3643713,8.648221,0,0,3,0,2,3,3,1
0,2010,61,6,,612,605,3.785,4076.842,3000,8.3130779,8.0063677,0,0,3,0,2,3,3,
0,2010,45,6,45,553,553,3.355,5364.2656,7000,8.5875149,8.8536654,0,0,3,1,2,1,2,2
1,2010,50,16,50,597,619,3.442,4291.4126,8000,8.3643713,8.9871969,0,0,2,0,3,4,2,2
1,2010,45,16,45,553,553,3.1,6437.1187,11000,8.7698364,9.3056507,0,0,2,1,3,2,2,2
1,2010,51,16,,558,571,3.086,21457.063,20000,9.9738092,9.9034872,1,2,2,1,2,2,2,2
1,2010,34,16,31,624,614,3.17,12874.237,12000,9.4629831,9.392662,1,1,2,1,3,2,2,2
1,2010,14,16,14,566,553,3.213,6437.1187,6000,8.7698364,8.6995144,0,0,2,1,2,0,2,2
0,2010,50,16,51,597,619,2.909,3754.9861,13000,8.2308397,9.4727049,0,0,2,0,3,4,3,2
0,2010,51,16,44,558,571,3.818,9655.6787,10000,9.1753016,9.2103405,1,1,2,0,3,4,3,2
0,2010,36,16,50,562,559,3.71,7509.9722,10000,8.9239874,9.2103405,0,1,2,0,2,4,3,2
0,2010,44,16,44,652,612,3.767,10513.961,11000,9.2604589,9.3056507,0,1,2,1,3,2,2,2
0,2010,15,16,,538,500,3.506,8582.8252,8000,9.057518,8.9871969,1,1,2,0,3,2,3,2
1,2010,51,16,51,558,571,2.91,6437.1187,8000,8.7698364,8.9871969,0,1,2,0,2,2,2,2
1,2010,13,16,,609,578,2.53,10728.531,10000,9.2806616,9.2103405,1,2,2,0,3,4,3,2
1,2010,32,16,31,380,364,3.792,9655.6787,9000,9.1753016,9.1049795,0,1,2,1,2,4,3,2
1,2010,50,16,31,597,619,3.267,16092.797,15000,9.6861267,9.6158056,0,1,2,0,2,2,3,2
0,2010,50,16,,597,619,3.444,10728.531,13000,9.2806616,9.4727049,1,1,2,1,3,1,2,2
0,2010,51,16,,558,571,3.86,4291.4126,5000,8.3643713,8.5171928,1,1,2,1,2,0,1,1
0,2010,52,16,,574,564,3.356,6437.1187,10000,8.7698364,9.2103405,1,0,2,1,2,4,3,2
1,2010,51,8,11,558,571,2.676,4827.8394,25000,8.4821539,10.126631,0,0,3,1,3,2,3,1
1,2010,41,16,31,590,565,3.62,6437.1187,20000,8.7698364,9.9034872,1,0,2,0,3,4,3,2
1,2010,51,16,31,558,571,3.087,26821.328,25000,10.196953,10.126631,0,1,2,1,3,2,1,1
1,2010,32,16,31,380,364,2.967,11801.385,11000,9.3759718,9.3056507,1,1,2,1,3,2,2,2
1,2010,34,16,32,624,614,3.504,10728.531,10000,9.2806616,9.2103405,1,0,2,0,2,3,2,2
0,2010,50,16,50,597,619,3.338,3218.5593,6000,8.0766888,8.6995144,1,0,2,0,1,3,3,2
0,2010,51,16,51,558,571,3.585,5364.2656,8000,8.5875149,8.9871969,0,0,2,0,3,1,3,2
0,2010,61,16,44,612,605,3.355,1609.2797,15000,7.3835421,9.6158056,1,1,2,1,2,0,2,2
0,2010,45,16,44,553,553,4.218,16092.797,15000,9.6861267,9.6158056,0,1,2,1,3,2,1,2
0,2010,50,16,11,597,619,3.422,5364.2656,10000,8.5875149,9.2103405,1,0,2,0,3,1,2,2
0,2010,44,16,11,652,612,3.294,21027.922,25000,9.9536066,10.126631,1,0,2,1,3,2,2,2
1,2010,51,16,51,558,571,2.937,5900.6924,10000,8.6828251,9.2103405,0,0,2,0,3,0,3,2
1,2010,61,16,11,612,605,3.684,20384.209,19000,9.9225159,9.8521938,0,1,2,0,1,2,2,2
1,2010,42,16,44,582,554,3.561,19311.357,18000,9.8684483,9.7981272,1,1,2,0,2,4,2,2
1,2010,51,16,31,558,571,3.359,6437.1187,10000,8.7698364,9.2103405,1,1,2,0,2,2,3,1
1,2010,37,16,11,633,628,3.396,6437.1187,12000,8.7698364,9.392662,1,0,2,0,2,3,2,2
1,2010,41,16,51,590,565,3.247,6437.1187,10000,8.7698364,9.2103405,1,1,2,0,3,1,2,2
1,2010,35,16,44,596,592,3.75,7509.9722,25000,8.9239874,10.126631,1,1,2,0,2,4,3,2
0,2010,51,16,51,558,571,3.739,5364.2656,5000,8.5875149,8.5171928,1,0,2,0,1,3,3,2
0,2010,51,16,50,558,571,4.049,6973.5454,10000,8.8498793,9.2103405,1,1,2,1,1,3,3,2
0,2010,44,16,44,652,612,3.877,10728.531,15000,9.2806616,9.6158056,0,0,2,1,3,1,2,
0,2010,37,16,37,633,628,3.79,6007.9775,7000,8.7008438,8.8536654,0,1,2,0,1,3,3,2
0,2010,13,16,11,609,578,3.944,8797.3955,13000,9.0822105,9.4727049,1,1,2,0,3,2,2,2
1,2010,34,2,31,624,614,3.555,10728.531,10000,9.2806616,9.2103405,1,1,3,0,1,0,2,1
0,2010,52,2,52,574,564,3.435,12874.237,16000,9.4629831,9.6803436,1,1,3,1,2,0,3,2
0,2010,53,2,53,588,554,3.568,4935.1245,6800,8.5041332,8.8246775,0,0,3,0,2,1,2,1
0,2010,45,2,45,553,553,3.184,5364.2656,9000,8.5875149,9.1049795,1,0,3,0,1,3,2,1
1,2010,51,9,51,558,571,3.1,3862.2712,6500,8.2590103,8.7795572,1,0,3,0,3,1,1,1
0,2010,51,15,51,558,571,3.668,4291.4126,5000,8.3643713,8.5171928,0,0,3,1,1,1,2,1
0,2010,36,16,44,562,559,3.746,8582.8252,9500,9.057518,9.1590471,1,1,2,0,2,4,3,2
0,2010,46,9,46,711,752,3.125,5364.2656,5000,8.5875149,8.5171928,0,0,3,0,2,0,2,2
0,2010,51,9,51,558,571,3.345,5364.2656,20000,8.5875149,9.9034872,0,0,3,0,1,3,2,1
0,2010,51,6,51,558,571,3.384,7724.5425,10400,8.952158,9.2495613,1,0,3,1,3,4,2,1
0,2010,22,9,51,595,558,3.013,6437.1187,10000,8.7698364,9.2103405,1,0,3,0,3,1,3,2
0,2010,51,9,51,558,571,3.459,5364.2656,8000,8.5875149,8.9871969,1,1,3,1,3,1,2,2
0,2010,15,9,13,538,500,3.447,5364.2656,6000,8.5875149,8.6995144,1,2,3,1,3,2,3,2
0,2010,52,9,52,574,564,3.461,7509.9722,7000,8.9239874,8.8536654,1,1,3,1,3,2,2,2
1,2010,51,9,50,558,571,2.647,8582.8252,10000,9.057518,9.2103405,0,0,3,1,3,1,2,2
1,2010,45,9,44,553,553,2.497,7724.5425,11000,8.952158,9.3056507,0,0,3,0,1,3,2,2
0,2010,62,9,62,590,552,3.103,5364.2656,5000,8.5875149,8.5171928,0,0,3,1,1,3,2,1
0,2010,50,1,51,597,619,3.607,3218.5593,6000,8.0766888,8.6995144,0,0,5,0,1,3,2,1
0,2010,11,1,11,570,526,3.432,3754.9861,8000,8.2308397,8.9871969,1,0,5,0,3,4,1,1
0,2010,21,1,53,583,567,3.444,2145.7063,5000,7.6712241,8.5171928,1,0,5,0,2,3,2,1
0,2010,54,1,11,366,366,3.217,9119.252,7500,9.1181431,8.922658,0,1,5,1,3,1,3,2
0,2010,41,1,41,590,565,3.349,5364.2656,7000,8.5875149,8.8536654,0,0,5,1,3,1,1,1
1,2010,51,4,45,558,571,3.211,5364.2656,12000,8.5875149,9.392662,1,0,3,1,2,3,2,1
1,2010,14,4,53,566,553,3.146,5578.8364,7000,8.6267357,8.8536654,1,0,3,0,1,3,2,1
1,2010,36,4,36,562,559,3.467,8582.8252,15000,9.057518,9.6158056,1,0,3,1,3,1,2,2
1,2010,12,11,11,570,571,2.753,7509.9722,13000,8.9239874,9.4727049,0,2,4,0,3,1,2,2
1,2010,51,11,11,558,571,2.397,7509.9722,22000,8.9239874,9.9987974,0,0,4,1,2,2,3,1
0,2010,36,11,,562,559,3.382,11264.958,13500,9.3294525,9.5104446,0,1,4,1,2,0,3,1
1,2010,50,11,31,597,619,3.276,8582.8252,9200,9.057518,9.1269588,1,1,4,0,2,0,3,1
1,2010,51,11,51,558,571,3.19,8582.8252,15000,9.057518,9.6158056,1,2,4,1,3,2,2,2
1,2010,32,11,32,380,364,1.931,10728.531,10000,9.2806616,9.2103405,0,0,4,1,3,2,2,2
0,2010,51,11,11,558,571,3.366,3754.9861,20000,8.2308397,9.9034872,0,0,4,1,3,1,3,1
0,2010,14,11,,566,553,3.721,3218.5593,4000,8.0766888,8.2940493,0,0,4,0,2,4,1,1
1,2010,50,8,50,597,619,3.369,10728.531,16000,9.2806616,9.6803436,1,1,2,0,3,1,2,2
1,2010,51,13,54,558,571,2.729,3218.5593,11000,8.0766888,9.3056507,0,0,3,1,1,3,3,1
1,2010,65,13,42,552,531,3.035,5364.2656,10000,8.5875149,9.2103405,1,2,3,0,1,3,2,1
1,2010,37,13,44,633,628,2.23,3218.5593,10000,8.0766888,9.2103405,0,0,3,1,2,1,3,1
0,2010,36,13,51,562,559,3.063,8046.3984,10000,8.99298,9.2103405,0,0,3,0,1,3,3,2
0,2010,37,13,37,633,628,3.554,7509.9722,7000,8.9239874,8.8536654,0,2,3,1,2,2,2,2
0,2010,21,8,,583,567,3.992,8582.8252,50000,9.057518,10.819778,1,0,3,1,2,4,3,2
1,2010,45,15,45,553,553,3.166,4291.4126,8500,8.3643713,9.047821,0,0,3,1,2,2,2,2
0,2010,64,15,64,546,541,3.185,5364.2656,5000,8.5875149,8.5171928,0,0,3,1,3,2,1,1
0,2010,46,15,46,711,752,3.423,2145.7063,5200,7.6712241,8.5564137,1,0,3,1,1,0,3,1
0,2010,37,15,,633,628,3.25,1931.1356,4500,7.5658636,8.4118328,0,2,3,0,1,0,1,1
1,2010,37,15,33,633,628,3.35,10728.531,10000,9.2806616,9.2103405,0,1,3,0,1,3,2,1
0,2010,45,15,,553,553,3.6,6437.1187,6000,8.7698364,8.6995144,1,0,3,0,3,1,1,1
1,2010,65,1,65,552,531,3.131,4291.4126,9000,8.3643713,9.1049795,1,0,5,1,3,4,3,1
1,2010,54,1,54,366,366,2.305,22851.771,21300,10.036784,9.9664621,0,0,5,1,3,2,2,2
0,2010,45,1,31,553,553,3.528,8582.8252,15000,9.057518,9.6158056,1,1,5,1,3,2,3,1
1,2010,37,1,,633,628,3.108,15019.944,20000,9.6171341,9.9034872,0,2,5,1,3,2,3,2
1,2010,35,1,63,596,592,3.262,4505.9834,8800,8.4131613,9.0825071,0,0,5,1,2,3,2,1
0,2010,32,8,,380,364,3.442,21457.063,20000,9.9738092,9.9034872,1,1,2,1,2,2,3,2
0,2010,64,1,51,546,541,3.054,4827.8394,6000,8.4821539,8.6995144,0,0,5,0,2,3,3,2
0,2010,21,1,11,583,567,2.34,4291.4126,10000,8.3643713,9.2103405,1,0,5,1,2,0,3,1
1,2010,46,8,44,711,752,4.155,11211.315,12750,9.3246784,9.4532862,1,1,2,0,2,0,2,2
1,2010,37,8,11,633,628,3.419,5364.2656,20000,8.5875149,9.9034872,1,0,2,0,3,2,3,2
1,2010,32,3,44,380,364,2.696,6437.1187,8000,8.7698364,8.9871969,1,0,5,0,3,4,2,2
1,2010,13,3,11,609,578,3.349,6437.1187,8000,8.7698364,8.9871969,1,1,5,0,2,0,3,2
1,2010,15,3,15,538,500,3.114,5578.8364,5500,8.6267357,8.6125031,1,0,5,1,1,0,1,1
0,2010,44,3,46,652,612,3.224,3754.9861,8000,8.2308397,8.9871969,0,1,5,0,2,0,3,1
0,2010,35,3,35,596,592,3.393,2682.1328,3000,7.8943677,8.0063677,0,1,5,0,3,2,1,1
0,2010,52,3,52,574,564,2.437,5364.2656,4000,8.5875149,8.2940493,0,1,5,0,2,0,3,1
1,2010,51,1,51,558,571,3.286,3218.5593,20000,8.0766888,9.9034872,1,0,5,0,1,4,1,2
1,2010,51,2,51,558,571,2.74,5256.9805,10300,8.5673122,9.2398996,1,0,3,0,3,0,,1
0,2010,22,1,44,595,558,3.25,21457.063,25000,9.9738092,10.126631,1,0,5,1,2,4,2,2
1,2010,34,12,44,624,614,2.536,10728.531,10000,9.2806616,9.2103405,0,1,5,0,3,2,2,2
0,2010,51,12,31,558,571,3.319,3218.5593,6000,8.0766888,8.6995144,0,0,5,0,2,1,3,1
0,2010,64,12,61,546,541,2.968,3218.5593,6000,8.0766888,8.6995144,1,0,5,1,3,1,2,1
0,2010,13,8,31,609,578,3.541,7509.9722,45000,8.9239874,10.714417,1,0,3,1,2,3,2,2
0,2010,51,12,51,558,571,2.652,6437.1187,10000,8.7698364,9.2103405,1,0,5,1,3,1,1,1
1,2010,62,12,51,590,552,2.608,4291.4126,12000,8.3643713,9.392662,0,0,5,0,3,1,3,1
0,2010,51,16,51,558,571,3.758,8046.3984,8000,8.99298,8.9871969,1,1,2,1,2,0,3,2
0,2010,51,16,51,558,571,3.687,8582.8252,8000,9.057518,8.9871969,0,1,2,1,3,1,3,1
1,2010,41,12,37,590,565,3.076,4184.1274,8000,8.3390532,8.9871969,0,0,5,0,1,4,2,2
0,2010,51,12,51,558,571,3.749,10728.531,12000,9.2806616,9.392662,0,1,5,0,1,3,1,1
