,gender,gpa,wageb,wagea,lnbwage,lnawage,gradchoice,major,hheconstat,Pedu,Poccu
0,0,3.204,3282.9521,6000,8.0964985,8.6995144,1,0,1,3,1
1,1,3.706,10943.174,30000,9.3004713,10.308952,1,1,1,2,2
2,1,3.176,5471.5869,20000,8.6073236,9.9034872,0,1,0,1,0
3,1,3.006,3830.1108,12000,8.2506495,9.392662,2,1,0,1,3
4,0,3.271,3064.0889,4000,8.0275059,8.2940493,0,1,1,3,2
5,1,3.35,6565.9043,8000,8.7896452,8.9871969,1,1,0,3,1
6,0,3.863,7660.2217,20000,8.9437962,9.9034872,1,0,0,2,3
7,0,2.908,5471.5869,5000,8.6073236,8.5171928,0,0,0,2,2
8,1,3.858,4377.2695,4000,8.3841801,8.2940493,1,0,0,2,4
9,1,3.475,10943.174,8000,9.3004713,8.9871969,2,0,1,2,3
10,0,3.716,6565.9043,8000,8.7896452,8.9871969,1,0,1,3,1
11,0,3.643,14226.126,13000,9.5628357,9.4727049,0,0,0,3,2
12,1,2.366,3282.9521,4500,8.0964985,8.4118328,2,0,0,2,3
13,0,3.341,3282.9521,8000,8.0964985,8.9871969,0,0,1,3,1
14,0,3.526,4377.2695,5000,8.3841801,8.5171928,0,0,1,2,4
15,1,2.501,21886.348,20000,9.993618,9.9034872,0,1,0,2,0
16,1,3.33,5471.5869,8000,8.6073236,8.9871969,0,1,0,1,3
17,0,3.277,6565.9043,10000,8.7896452,9.2103405,0,1,0,1,1
18,0,2.832,7660.2217,11000,8.9437962,9.3056507,1,1,1,3,2
19,0,3.3,6565.9043,10000,8.7896452,9.2103405,0,1,1,3,1
20,0,2.124,3282.9521,5000,8.0964985,8.5171928,0,1,1,1,0
21,0,3.699,10943.174,14000,9.3004713,9.546813,0,1,1,3,1
22,0,3.303,4924.4282,4000,8.5019636,8.2940493,0,1,0,3,1
23,1,3.544,8754.5391,10000,9.0773277,9.2103405,1,1,1,2,2
24,1,3.371,7879.0854,20000,8.9719667,9.9034872,0,1,1,3,2
25,1,3.588,6565.9043,10000,8.7896452,9.2103405,1,1,0,3,4
26,0,3.664,14226.126,40000,9.5628357,10.596635,1,1,1,3,2
27,0,3.671,5471.5869,8000,8.6073236,8.9871969,1,1,1,1,0
28,1,3.086,10943.174,18000,9.3004713,9.7981272,0,1,1,3,2
29,1,2.596,21886.348,8000,9.993618,8.9871969,1,1,1,3,2
30,1,2.624,5471.5869,10000,8.6073236,9.2103405,0,1,0,2,0
31,0,3.625,10943.174,10000,9.3004713,9.2103405,1,1,1,3,2
32,1,3.564,4377.2695,20000,8.3841801,9.9034872,0,1,0,1,3
33,0,3.081,8754.5391,10000,9.0773277,9.2103405,0,1,0,2,0
34,0,3.198,6565.9043,5600,8.7896452,8.6305218,0,1,1,3,2
35,1,3.049,8754.5391,50000,9.0773277,10.819778,1,1,1,3,2
36,1,3.6,8754.5391,14000,9.0773277,9.546813,0,1,1,3,2
37,1,3.835,8754.5391,25000,9.0773277,10.126631,1,1,0,3,1
38,0,3.733,5471.5869,9000,8.6073236,9.1049795,0,1,1,3,1
39,0,3.328,4377.2695,10000,8.3841801,9.2103405,0,1,1,1,4
40,0,3.164,6565.9043,20000,8.7896452,9.9034872,0,1,1,3,1
41,1,3.149,10943.174,10000,9.3004713,9.2103405,0,1,0,3,2
42,1,3.622,8207.3809,7500,9.0127888,8.922658,1,1,1,3,1
43,1,3.546,10943.174,20000,9.3004713,9.9034872,0,1,0,1,0
44,1,3.983,10943.174,13000,9.3004713,9.4727049,1,1,1,2,4
45,1,2.7,4377.2695,7000,8.3841801,8.8536654,0,1,0,1,4
46,1,3.484,8754.5391,20000,9.0773277,9.9034872,1,1,1,3,2
47,1,3.18,10833.742,12000,9.2904205,9.392662,1,1,1,3,2
48,0,3.648,8754.5391,15000,9.0773277,9.6158056,1,1,0,3,0
49,0,3.714,9848.8564,16000,9.1951103,9.6803436,1,1,1,3,2
50,1,2.68,3282.9521,8000,8.0964985,8.9871969,1,1,1,3,2
51,1,2.673,6565.9043,6000,8.7896452,8.6995144,0,1,1,2,2
52,1,3.988,13131.809,35000,9.4827929,10.463103,1,1,1,3,2
53,0,3.707,8426.2441,12000,9.0391064,9.392662,1,1,1,3,1
54,1,3.529,6565.9043,11000,8.7896452,9.3056507,1,1,0,3,2
55,0,3.571,7113.063,4500,8.869688,8.4118328,0,1,0,2,4
56,0,3.537,5471.5869,9000,8.6073236,9.1049795,0,1,1,1,3
57,0,3.521,10943.174,10000,9.3004713,9.2103405,1,1,1,3,1
58,1,2.917,8754.5391,12000,9.0773277,9.392662,0,1,0,2,4
59,1,3.28,3282.9521,5000,8.0964985,8.5171928,0,1,1,3,4
60,1,2.984,3282.9521,10000,8.0964985,9.2103405,0,1,0,3,2
61,0,2.515,4377.2695,4200,8.3841801,8.3428402,2,1,1,1,0
62,1,2.793,10943.174,25000,9.3004713,10.126631,1,1,1,3,1
63,1,2.522,4377.2695,10000,8.3841801,9.2103405,0,1,1,2,0
64,1,2.754,4377.2695,8000,8.3841801,8.9871969,1,1,1,2,4
65,1,2.711,3501.8157,4500,8.1610365,8.4118328,0,1,0,2,4
66,0,3.598,8207.3809,10000,9.0127888,9.2103405,0,1,1,2,2
67,0,3.326,10943.174,12000,9.3004713,9.392662,1,1,1,3,2
68,0,3.582,25169.301,28000,10.13338,10.23996,1,1,1,3,1
69,1,3.466,14226.126,20000,9.5628357,9.9034872,1,1,1,2,3
70,1,2.624,3830.1108,40000,8.2506495,10.596635,2,1,0,2,3
71,0,4.024,8207.3809,6000,9.0127888,8.6995144,1,1,0,1,0
72,0,3.355,4377.2695,10000,8.3841801,9.2103405,0,1,0,1,3
73,0,3.197,9848.8564,11000,9.1951103,9.3056507,1,1,1,3,1
74,0,3.624,10943.174,10000,9.3004713,9.2103405,1,1,1,3,0
75,0,3.536,3282.9521,8000,8.0964985,8.9871969,0,1,0,3,2
76,1,2.999,8207.3809,10000,9.0127888,9.2103405,1,1,0,3,2
77,1,3.5,18603.396,25000,9.8310995,10.126631,1,1,1,3,1
78,1,2.633,6565.9043,1000,8.7896452,6.9077554,1,1,1,2,2
79,1,3.003,4377.2695,33000,8.3841801,10.404263,0,1,0,1,3
80,1,2.895,5471.5869,11000,8.6073236,9.3056507,2,0,0,2,2
81,0,3.527,6565.9043,2500,8.7896452,7.8240461,0,0,1,2,2
82,0,3.486,4596.1333,7000,8.432971,8.8536654,1,0,0,3,1
83,1,3.477,5471.5869,22000,8.6073236,9.9987974,1,0,1,3,1
84,0,3.357,3830.1108,11000,8.2506495,9.3056507,0,0,1,1,2
85,0,3.505,6565.9043,9000,8.7896452,9.1049795,0,0,1,2,1
86,0,3.214,3282.9521,4000,8.0964985,8.2940493,0,0,0,1,3
87,0,3.722,8754.5391,10000,9.0773277,9.2103405,1,1,1,3,0
88,0,3.881,9848.8564,10000,9.1951103,9.2103405,1,0,1,3,2
89,1,2.843,5471.5869,5000,8.6073236,8.5171928,2,0,1,3,2
90,0,3.221,1860.3396,10000,7.5285144,9.2103405,0,0,0,1,0
91,0,3.366,4377.2695,7500,8.3841801,8.922658,0,0,0,1,0
92,0,2.854,7660.2217,10000,8.9437962,9.2103405,0,0,1,3,2
93,1,3.058,12037.491,11000,9.3957815,9.3056507,1,1,1,3,2
94,1,3.554,6565.9043,6000,8.7896452,8.6995144,1,1,0,1,0
95,0,3.586,3282.9521,8000,8.0964985,8.9871969,0,1,1,1,0
96,0,3.401,6565.9043,10000,8.7896452,9.2103405,0,1,0,2,3
97,1,2.439,5471.5869,10000,8.6073236,9.2103405,0,1,1,2,1
98,1,3.761,3830.1108,13000,8.2506495,9.4727049,1,1,0,2,3
99,1,2.338,5252.7236,20000,8.5665016,9.9034872,0,1,0,2,4
100,1,2.591,8754.5391,25000,9.0773277,10.126631,0,1,1,3,2
101,0,3.57,10943.174,25000,9.3004713,10.126631,0,1,1,3,1
102,1,2.805,5471.5869,8000,8.6073236,8.9871969,0,0,0,2,2
103,0,3.46,5471.5869,8000,8.6073236,8.9871969,1,0,0,2,0
104,0,3.57,3282.9521,10000,8.0964985,9.2103405,0,0,0,1,3
105,0,3.277,4377.2695,4000,8.3841801,8.2940493,0,0,1,3,2
106,0,3.528,5471.5869,7000,8.6073236,8.8536654,1,0,1,3,2
107,1,3.042,4377.2695,20000,8.3841801,9.9034872,0,0,1,3,0
108,0,2.321,2735.7935,7000,7.9141769,8.8536654,0,0,1,1,4
109,0,2.947,6018.7456,10000,8.7026339,9.2103405,0,0,0,1,3
110,0,2.645,5471.5869,15000,8.6073236,9.6158056,2,0,1,3,1
111,0,2.922,8377.0,7655,9.0332451,8.9431143,0,0,1,3,2
112,0,3.377,3830.1108,10000,8.2506495,9.2103405,0,0,0,1,4
113,1,2.597,3611.2476,3500,8.1918087,8.1605186,2,0,0,3,1
114,1,2.478,10943.174,20000,9.3004713,9.9034872,2,0,1,3,2
115,0,3.253,3282.9521,7000,8.0964985,8.8536654,0,0,1,2,2
116,0,2.729,8754.5391,10000,9.0773277,9.2103405,0,0,1,3,2
117,0,3.679,4924.4282,4500,8.5019636,8.4118328,0,1,1,3,2
118,1,2.735,3282.9521,7000,8.0964985,8.8536654,0,0,0,1,3
119,0,3.789,4377.2695,10000,8.3841801,9.2103405,0,0,0,2,0
120,0,3.163,3282.9521,4000,8.0964985,8.2940493,1,0,1,3,1
121,1,3.147,12037.491,26000,9.3957815,10.165852,1,0,0,1,4
122,1,3.066,10943.174,20000,9.3004713,9.9034872,0,0,0,3,2
123,1,3.575,4377.2695,13000,8.3841801,9.4727049,1,0,0,2,3
124,0,3.186,4377.2695,7000,8.3841801,8.8536654,0,0,0,3,1
125,0,3.431,5690.4507,8500,8.6465445,9.047821,0,0,0,2,0
126,0,3.845,9848.8564,12000,9.1951103,9.392662,1,0,0,1,4
127,0,2.665,3830.1108,13000,8.2506495,9.4727049,2,0,1,3,1
128,0,3.619,5471.5869,8000,8.6073236,8.9871969,1,0,1,3,2
129,0,2.899,6565.9043,12000,8.7896452,9.392662,0,0,1,3,2
130,1,3.079,19697.713,40000,9.888258,10.596635,0,0,0,1,0
131,0,3.451,6565.9043,16000,8.7896452,9.6803436,0,0,0,3,2
132,1,2.99,10943.174,12000,9.3004713,9.392662,0,0,0,1,4
133,1,3.216,8754.5391,10000,9.0773277,9.2103405,0,0,1,1,4
134,1,3.173,4924.4282,6000,8.5019636,8.6995144,0,0,0,1,3
135,0,3.595,6565.9043,6000,8.7896452,8.6995144,1,0,0,3,4
136,1,2.773,7113.063,10000,8.869688,9.2103405,1,0,1,3,2
137,1,2.744,4377.2695,25000,8.3841801,10.126631,0,0,0,3,2
138,1,3.369,5471.5869,15000,8.6073236,9.6158056,1,0,1,2,1
139,0,3.81,9848.8564,20000,9.1951103,9.9034872,1,1,0,3,4
140,1,3.557,17509.078,24000,9.7704744,10.085809,1,0,1,3,2
141,0,3.297,7113.063,12000,8.869688,9.392662,1,0,0,3,1
142,0,3.516,5471.5869,5000,8.6073236,8.5171928,0,0,0,2,3
143,1,2.747,4267.8379,8000,8.3588629,8.9871969,0,0,1,2,1
144,1,3.229,6565.9043,10000,8.7896452,9.2103405,0,0,1,3,2
145,0,3.765,8207.3809,12000,9.0127888,9.392662,1,0,1,3,0
146,0,3.429,5471.5869,5500,8.6073236,8.6125031,0,0,1,3,1
147,0,3.112,3282.9521,5000,8.0964985,8.5171928,0,0,0,1,3
148,1,3.024,10943.174,20000,9.3004713,9.9034872,0,0,1,1,4
149,0,3.299,3282.9521,10000,8.0964985,9.2103405,0,0,0,2,1
150,0,3.578,4377.2695,10000,8.3841801,9.2103405,0,0,0,2,4
151,0,3.687,6565.9043,7000,8.7896452,8.8536654,0,0,0,2,3
152,0,2.991,3939.5427,6000,8.27882,8.6995144,0,0,1,2,2
153,0,3.47,5471.5869,6000,8.6073236,8.6995144,0,0,0,3,0
154,1,3.205,10943.174,6500,9.3004713,8.7795572,0,0,1,2,4
155,1,3.419,4377.2695,7200,8.3841801,8.8818359,0,0,0,1,3
156,0,3.634,4377.2695,10000,8.3841801,9.2103405,0,0,1,2,0
157,0,3.558,8207.3809,7500,9.0127888,8.922658,1,0,0,1,0
158,0,3.271,6018.7456,7000,8.7026339,8.8536654,0,0,1,2,0
159,0,3.161,4377.2695,6500,8.3841801,8.7795572,0,0,1,1,3
160,1,2.744,5471.5869,8000,8.6073236,8.9871969,0,0,0,2,3
161,0,3.41,3282.9521,4500,8.0964985,8.4118328,0,0,1,2,2
162,0,2.369,3282.9521,4200,8.0964985,8.3428402,0,0,1,1,2
163,0,3.802,3282.9521,7500,8.0964985,8.922658,0,0,0,3,4
164,0,3.139,4377.2695,8000,8.3841801,8.9871969,0,0,0,1,3
165,0,3.147,8754.5391,15000,9.0773277,9.6158056,0,0,1,3,2
166,1,2.892,10943.174,12000,9.3004713,9.392662,1,0,1,2,4
167,0,3.523,5471.5869,10000,8.6073236,9.2103405,1,0,1,3,1
168,1,2.894,10943.174,6000,9.3004713,8.6995144,0,0,0,3,1
169,1,2.974,4377.2695,10000,8.3841801,9.2103405,0,0,1,1,4
170,1,2.612,3282.9521,5850,8.0964985,8.6741972,0,0,0,1,4
171,0,3.443,13131.809,12000,9.4827929,9.392662,0,0,0,2,4
172,1,2.722,4377.2695,20000,8.3841801,9.9034872,0,0,1,2,4
173,0,3.726,4377.2695,20000,8.3841801,9.9034872,0,0,0,1,3
174,0,3.936,7660.2217,10000,8.9437962,9.2103405,1,1,1,3,4
175,0,3.534,9848.8564,16000,9.1951103,9.6803436,1,0,0,3,2
176,0,3.799,9411.1299,17000,9.1496487,9.7409687,1,0,1,2,1
177,0,3.174,5471.5869,7000,8.6073236,8.8536654,1,0,1,3,1
178,0,3.003,6018.7456,10000,8.7026339,9.2103405,0,0,1,2,1
179,0,3.686,6565.9043,4800,8.7896452,8.4763708,0,1,1,1,4
180,1,2.587,7660.2217,10000,8.9437962,9.2103405,1,0,1,3,2
181,0,3.06,5471.5869,7000,8.6073236,8.8536654,0,0,1,3,1
182,0,3.215,5471.5869,6000,8.6073236,8.6995144,0,0,1,1,3
183,1,3.16,4377.2695,20000,8.3841801,9.9034872,0,0,1,3,2
184,1,3.445,10943.174,25000,9.3004713,10.126631,0,0,1,1,0
185,1,3.149,3282.9521,6000,8.0964985,8.6995144,0,0,0,3,2
186,0,3.688,6565.9043,15000,8.7896452,9.6158056,1,0,1,2,0
187,0,3.591,8754.5391,10000,9.0773277,9.2103405,0,0,1,1,3
188,0,3.452,6565.9043,9000,8.7896452,9.1049795,1,0,1,2,1
189,0,3.28,4377.2695,10000,8.3841801,9.2103405,0,0,0,1,4
190,1,3.181,7660.2217,7000,8.9437962,8.8536654,0,0,1,3,0
191,1,3.356,6565.9043,15000,8.7896452,9.6158056,0,0,1,1,1
192,1,2.47,5471.5869,11000,8.6073236,9.3056507,0,0,1,3,0
193,0,3.636,7660.2217,7000,8.9437962,8.8536654,2,0,1,3,2
194,1,3.219,3830.1108,3200,8.2506495,8.0709057,0,0,1,2,1
195,0,3.59,4924.4282,9200,8.5019636,9.1269588,0,0,1,3,1
196,1,2.994,8754.5391,8000,9.0773277,8.9871969,1,0,1,3,2
197,0,3.758,16414.762,20000,9.7059364,9.9034872,0,0,0,3,1
198,1,3.172,10943.174,23000,9.3004713,10.043249,0,0,1,2,3
199,1,2.768,5471.5869,8000,8.6073236,8.9871969,0,0,0,3,2
200,1,3.242,4377.2695,9000,8.3841801,9.1049795,0,0,1,3,2
201,0,3.522,9848.8564,9000,9.1951103,9.1049795,1,0,0,3,2
202,0,3.64,8754.5391,12000,9.0773277,9.392662,0,0,0,1,3
203,1,3.225,8754.5391,9000,9.0773277,9.1049795,0,0,0,1,3
204,0,3.822,6565.9043,24000,8.7896452,10.085809,0,0,0,2,3
205,0,3.327,5471.5869,10000,8.6073236,9.2103405,0,0,0,3,1
206,1,3.419,5471.5869,10000,8.6073236,9.2103405,1,0,0,3,1
207,0,3.709,7113.063,24000,8.869688,10.085809,0,0,1,3,2
208,0,3.317,3064.0889,6500,8.0275059,8.7795572,0,0,0,1,3
209,0,3.374,4924.4282,12000,8.5019636,9.392662,0,0,1,3,1
210,1,3.294,10943.174,20000,9.3004713,9.9034872,0,0,0,2,0
211,0,3.7,8754.5391,12000,9.0773277,9.392662,1,0,0,1,3
212,0,3.493,5471.5869,8000,8.6073236,8.9871969,0,0,1,3,2
213,0,3.378,9848.8564,3300,9.1951103,8.1016779,0,0,1,2,4
214,0,3.302,13131.809,15000,9.4827929,9.6158056,0,0,1,3,1
215,1,2.979,6565.9043,25000,8.7896452,10.126631,0,0,1,3,2
216,0,2.329,3282.9521,4000,8.0964985,8.2940493,2,0,0,1,0
217,0,3.941,7660.2217,22000,8.9437962,9.9987974,2,0,1,3,1
218,0,3.63,3830.1108,6000,8.2506495,8.6995144,0,0,1,3,0
219,1,2.94,3830.1108,8000,8.2506495,8.9871969,0,0,0,2,4
220,0,3.424,3830.1108,6000,8.2506495,8.6995144,0,0,0,2,4
221,0,2.859,10943.174,10000,9.3004713,9.2103405,0,0,1,3,2
222,1,3.175,4924.4282,9000,8.5019636,9.1049795,0,0,0,2,1
223,0,3.731,7660.2217,7000,8.9437962,8.8536654,1,0,1,2,3
224,0,3.455,6565.9043,12000,8.7896452,9.392662,1,0,1,3,2
225,0,3.483,6565.9043,8000,8.7896452,8.9871969,0,0,1,3,1
226,0,3.241,5471.5869,15000,8.6073236,9.6158056,0,0,1,3,2
227,0,3.66,8754.5391,15000,9.0773277,9.6158056,0,1,1,3,1
228,1,3.072,3282.9521,18000,8.0964985,9.7981272,0,0,0,3,1
229,1,2.911,4596.1333,7500,8.432971,8.922658,0,0,0,2,0
230,1,2.713,17509.078,20000,9.7704744,9.9034872,1,0,0,3,2
231,1,2.385,8754.5391,10000,9.0773277,9.2103405,2,0,1,1,3
232,0,3.483,6237.6094,5700,8.7383518,8.648221,2,0,1,3,2
233,0,3.516,8754.5391,20000,9.0773277,9.9034872,1,0,1,3,1
234,0,3.21,6565.9043,7000,8.7896452,8.8536654,1,0,0,1,3
235,0,3.301,1969.7714,7000,7.5856729,8.8536654,0,0,0,3,2
236,0,2.883,10943.174,20000,9.3004713,9.9034872,0,0,0,2,1
237,0,3.223,5471.5869,5000,8.6073236,8.5171928,0,0,0,3,0
238,0,2.737,6565.9043,12000,8.7896452,9.392662,0,0,1,3,1
239,0,3.266,3830.1108,7000,8.2506495,8.8536654,0,0,0,1,3
240,0,3.382,3282.9521,6000,8.0964985,8.6995144,0,0,0,1,4
241,0,3.51,5471.5869,15000,8.6073236,9.6158056,0,0,0,3,1
242,1,3.612,3282.9521,7000,8.0964985,8.8536654,0,0,0,3,1
243,0,4.092,21886.348,20000,9.993618,9.9034872,1,0,1,2,4
244,0,3.221,6565.9043,13000,8.7896452,9.4727049,0,0,0,2,3
245,1,2.38,4924.4282,4500,8.5019636,8.4118328,0,0,1,3,2
246,0,3.211,10943.174,9000,9.3004713,9.1049795,2,0,0,3,1
247,0,3.833,9848.8564,14000,9.1951103,9.546813,1,0,1,3,1
248,0,3.618,6565.9043,11000,8.7896452,9.3056507,0,0,0,2,3
249,0,3.014,3830.1108,22000,8.2506495,9.9987974,0,0,1,3,2
250,0,3.367,5252.7236,13000,8.5665016,9.4727049,0,0,1,2,3
251,0,3.347,8754.5391,15000,9.0773277,9.6158056,0,0,1,3,2
252,0,3.142,8754.5391,100000,9.0773277,11.512925,1,0,1,2,1
253,1,3.08,5471.5869,5000,8.6073236,8.5171928,0,0,1,3,2
254,0,3.851,21886.348,20000,9.993618,9.9034872,1,1,1,2,1
255,1,2.461,5471.5869,30000,8.6073236,10.308952,0,0,1,2,1
256,0,3.898,6565.9043,10000,8.7896452,9.2103405,1,0,0,1,3
257,1,3.306,7660.2217,20000,8.9437962,9.9034872,0,0,1,3,1
258,1,2.842,6565.9043,14000,8.7896452,9.546813,0,0,1,3,4
259,0,3.896,10943.174,15000,9.3004713,9.6158056,1,0,1,2,2
260,1,3.714,16414.762,20000,9.7059364,9.9034872,1,0,0,3,2
261,0,3.465,10943.174,15000,9.3004713,9.6158056,1,0,1,3,1
262,0,3.49,4184.1274,3900,8.3390532,8.2687321,0,0,1,2,0
263,0,3.647,4377.2695,5000,8.3841801,8.5171928,0,0,0,1,3
264,0,3.504,10943.174,17000,9.3004713,9.7409687,0,0,1,3,2
265,0,3.141,3282.9521,12000,8.0964985,9.392662,0,0,1,1,3
266,0,3.299,4158.4063,5000,8.3328867,8.5171928,0,0,1,2,4
267,0,2.506,6565.9043,8000,8.7896452,8.9871969,2,0,1,3,1
268,0,3.533,3830.1108,7500,8.2506495,8.922658,0,0,0,1,3
269,0,3.227,7660.2217,6000,8.9437962,8.6995144,0,0,1,3,1
270,0,3.428,9301.6982,20000,9.1379519,9.9034872,0,0,1,1,4
271,0,3.107,2188.6348,3000,7.6910334,8.0063677,2,0,0,1,4
272,1,2.176,10943.174,15000,9.3004713,9.6158056,0,0,0,1,3
273,1,3.18,5471.5869,33000,8.6073236,10.404263,0,1,0,3,1
274,0,3.041,9848.8564,9000,9.1951103,9.1049795,0,0,0,3,0
275,0,3.277,7660.2217,8000,8.9437962,8.9871969,1,0,0,1,3
276,1,3.316,5471.5869,7000,8.6073236,8.8536654,1,0,1,3,1
277,0,3.693,4377.2695,5000,8.3841801,8.5171928,0,0,0,1,3
278,1,2.907,6565.9043,9400,8.7896452,9.1484652,0,0,1,3,2
279,0,2.875,3447.0999,10000,8.1452885,9.2103405,0,0,0,1,3
280,0,2.945,5471.5869,8000,8.6073236,8.9871969,0,0,1,3,2
281,1,2.671,3830.1108,12000,8.2506495,9.392662,0,0,0,2,1
282,0,3.433,3282.9521,13000,8.0964985,9.4727049,0,0,1,1,4
283,1,3.704,8207.3809,8800,9.0127888,9.0825071,1,0,0,1,3
284,0,3.485,6565.9043,10000,8.7896452,9.2103405,0,0,1,3,2
285,0,3.775,8207.3809,9400,9.0127888,9.1484652,1,0,0,2,3
286,1,3.666,21886.348,45000,9.993618,10.714417,1,0,1,2,4
287,0,3.58,9848.8564,9000,9.1951103,9.1049795,1,0,1,3,2
288,0,2.875,4377.2695,8000,8.3841801,8.9871969,0,0,1,3,2
289,0,3.756,13131.809,20000,9.4827929,9.9034872,0,0,1,3,2
290,0,3.433,3939.5427,4500,8.27882,8.4118328,0,0,1,3,1
291,0,3.529,8754.5391,11000,9.0773277,9.3056507,0,0,1,1,4
292,0,3.2,9301.6982,8500,9.1379519,9.047821,0,0,1,3,2
293,0,3.62,5471.5869,7500,8.6073236,8.922658,0,0,1,3,0
294,0,3.415,4377.2695,12000,8.3841801,9.392662,0,0,1,3,1
295,0,3.429,3282.9521,15000,8.0964985,9.6158056,0,0,1,2,3
296,1,2.886,5471.5869,10000,8.6073236,9.2103405,0,0,1,3,4
297,1,3.104,5471.5869,6000,8.6073236,8.6995144,1,0,0,2,4
298,1,3.368,3282.9521,15000,8.0964985,9.6158056,0,0,0,3,0
299,1,2.518,4377.2695,13000,8.3841801,9.4727049,0,0,1,1,2
300,0,3.511,8754.5391,9000,9.0773277,9.1049795,1,1,0,3,1
301,1,2.474,5471.5869,12000,8.6073236,9.392662,0,0,1,1,3
302,0,3.775,4924.4282,11000,8.5019636,9.3056507,1,1,0,2,0
303,0,2.995,2735.7935,3300,7.9141769,8.1016779,2,0,0,2,0
304,1,3.183,10943.174,23000,9.3004713,10.043249,0,0,1,2,4
305,1,3.058,7660.2217,15000,8.9437962,9.6158056,0,0,1,1,4
306,1,3.378,5471.5869,8000,8.6073236,8.9871969,0,0,0,1,4
307,0,3.345,9028.1191,11000,9.108099,9.3056507,1,0,1,3,1
308,1,3.694,10728.531,13000,9.2806616,9.4727049,1,1,0,1,3
309,0,3.572,9119.252,16000,9.1181431,9.6803436,1,1,1,3,1
310,1,3.756,8582.8252,8000,9.057518,8.9871969,1,1,0,1,3
311,0,3.123,5364.2656,7000,8.5875149,8.8536654,0,1,1,2,1
312,0,3.096,4291.4126,25000,8.3643713,10.126631,0,1,0,1,3
313,0,3.369,4827.8394,4500,8.4821539,8.4118328,1,1,0,1,1
314,0,3.873,12874.237,12000,9.4629831,9.392662,1,1,0,2,3
315,0,3.914,16092.797,15000,9.6861267,9.6158056,1,0,0,3,1
316,0,3.152,3754.9861,5000,8.2308397,8.5171928,0,0,1,1,3
317,0,3.13,8582.8252,13000,9.057518,9.4727049,1,0,1,3,1
318,0,3.032,9655.6787,8000,9.1753016,8.9871969,2,0,1,3,2
319,1,2.729,5364.2656,4000,8.5875149,8.2940493,0,0,1,3,2
320,1,3.374,10728.531,10000,9.2806616,9.2103405,1,0,0,1,4
321,1,3.403,8582.8252,12000,9.057518,9.392662,0,0,1,3,0
322,0,3.327,7509.9722,4000,8.9239874,8.2940493,0,0,1,3,2
323,0,3.544,16092.797,14000,9.6861267,9.546813,0,0,0,1,4
324,0,3.457,14483.518,15000,9.5807667,9.6158056,0,0,1,1,0
325,1,3.798,10728.531,10000,9.2806616,9.2103405,1,1,1,1,3
326,0,3.127,8582.8252,9500,9.057518,9.1590471,1,0,1,3,1
327,0,3.126,6973.5454,18000,8.8498793,9.7981272,0,0,1,3,2
328,0,3.265,5686.1216,5300,8.6457834,8.5754623,2,0,1,3,1
329,0,3.749,7509.9722,7000,8.9239874,8.8536654,1,0,1,3,1
330,0,3.618,5364.2656,8000,8.5875149,8.9871969,0,0,0,1,3
331,0,3.977,17165.65,20000,9.7506657,9.9034872,1,1,0,3,2
332,0,3.281,2574.8477,3600,7.8535457,8.1886892,0,0,0,1,3
333,0,3.203,4291.4126,5600,8.3643713,8.6305218,0,0,1,3,4
334,0,3.537,5364.2656,8000,8.5875149,8.9871969,0,0,1,2,1
335,1,2.204,7509.9722,7000,8.9239874,8.8536654,0,0,1,3,0
336,1,3.098,12874.237,12000,9.4629831,9.392662,0,0,0,2,4
337,0,3.312,8582.8252,10000,9.057518,9.2103405,0,0,0,1,3
338,1,2.644,6437.1187,20000,8.7698364,9.9034872,2,1,1,3,2
339,0,3.415,6437.1187,7000,8.7698364,8.8536654,1,1,1,3,2
340,0,3.334,10728.531,10000,9.2806616,9.2103405,1,1,1,2,4
341,1,3.436,12874.237,26000,9.4629831,10.165852,0,1,1,2,4
342,1,3.872,16092.797,25000,9.6861267,10.126631,1,1,1,3,2
343,1,3.575,5900.6924,7500,8.6828251,8.922658,1,1,1,2,2
344,0,3.694,4827.8394,6000,8.4821539,8.6995144,2,1,0,2,4
345,1,3.027,10728.531,15000,9.2806616,9.6158056,1,1,1,3,2
346,1,3.174,3218.5593,5000,8.0766888,8.5171928,1,1,1,3,1
347,1,2.876,10728.531,10000,9.2806616,9.2103405,1,1,0,1,3
348,1,3.601,5364.2656,9000,8.5875149,9.1049795,0,1,1,3,1
349,1,3.387,17702.076,17500,9.7814369,9.7699566,1,1,0,3,1
350,1,2.987,8582.8252,80000,9.057518,11.289782,0,1,1,3,1
351,0,3.658,8582.8252,5500,9.057518,8.6125031,1,1,1,3,2
352,0,3.48,42914.125,13000,10.666956,9.4727049,0,1,1,2,0
353,0,3.191,5900.6924,6000,8.6828251,8.6995144,1,1,1,3,1
354,0,3.692,7509.9722,10000,8.9239874,9.2103405,1,1,1,2,2
355,1,2.626,6437.1187,9000,8.7698364,9.1049795,0,1,0,3,1
356,0,3.667,16092.797,15000,9.6861267,9.6158056,1,1,1,3,2
357,1,3.269,5364.2656,16000,8.5875149,9.6803436,0,1,1,3,2
358,0,3.587,9655.6787,10000,9.1753016,9.2103405,1,1,1,3,1
359,1,3.177,10728.531,20000,9.2806616,9.9034872,1,1,1,3,2
360,1,2.259,5364.2656,12000,8.5875149,9.392662,0,1,1,3,1
361,0,3.688,6222.5483,10000,8.7359352,9.2103405,1,1,1,2,4
362,1,3.628,40231.992,37500,10.602418,10.532096,1,1,1,3,1
363,0,3.573,10192.104,9500,9.2293682,9.1590471,2,1,0,2,4
364,1,3.175,16092.797,15000,9.6861267,9.6158056,1,1,1,3,2
365,1,3.155,3218.5593,15500,8.0766888,9.6485949,0,1,0,1,3
366,0,3.364,7509.9722,11000,8.9239874,9.3056507,0,1,1,3,1
367,0,3.621,4291.4126,7000,8.3643713,8.8536654,0,1,1,3,2
368,1,2.565,6437.1187,8000,8.7698364,8.9871969,0,1,0,1,3
369,0,3.741,6437.1187,6000,8.7698364,8.6995144,1,1,0,2,0
370,0,3.765,10513.961,50000,9.2604589,10.819778,1,1,1,3,4
371,1,3.335,8904.6807,8300,9.0943327,9.0240107,1,1,1,3,1
372,1,2.689,10728.531,10000,9.2806616,9.2103405,1,1,1,3,1
373,0,3.258,5364.2656,5500,8.5875149,8.6125031,0,1,0,3,2
374,1,3.629,10728.531,20000,9.2806616,9.9034872,1,1,1,3,2
375,1,3.391,10728.531,10000,9.2806616,9.2103405,1,1,1,3,2
376,0,3.421,17165.65,27000,9.7506657,10.203592,1,1,1,3,2
377,0,3.76,8046.3984,11000,8.99298,9.3056507,1,1,1,2,1
378,1,2.868,6437.1187,6000,8.7698364,8.6995144,0,1,1,3,1
379,1,3.658,21457.063,35000,9.9738092,10.463103,1,1,1,3,2
380,1,3.313,64371.188,6000,11.072421,8.6995144,0,1,0,1,3
381,1,3.244,12874.237,8000,9.4629831,8.9871969,1,1,1,3,2
382,0,3.452,4291.4126,7000,8.3643713,8.8536654,0,1,0,3,4
383,0,3.649,5364.2656,6000,8.5875149,8.6995144,1,1,1,3,1
384,0,3.417,23602.77,22000,10.069119,9.9987974,1,1,1,3,2
385,1,2.583,5364.2656,5200,8.5875149,8.5564137,0,1,1,2,4
386,1,2.723,4291.4126,8000,8.3643713,8.9871969,0,1,1,2,1
387,0,3.27,9119.252,8500,9.1181431,9.047821,1,1,0,3,2
388,0,3.461,10728.531,10000,9.2806616,9.2103405,1,1,1,2,2
389,1,3.836,6437.1187,6000,8.7698364,8.6995144,1,1,1,3,1
390,0,3.449,8582.8252,12000,9.057518,9.392662,1,1,1,3,2
391,1,3.339,5364.2656,8000,8.5875149,8.9871969,1,1,0,3,2
392,1,2.638,5364.2656,8000,8.5875149,8.9871969,0,1,0,3,2
393,1,2.617,5364.2656,6000,8.5875149,8.6995144,0,1,1,2,0
394,1,2.763,4613.2686,5100,8.4366922,8.5369959,2,1,1,3,2
395,0,3.953,19311.357,35000,9.8684483,10.463103,1,1,1,3,2
396,0,3.305,5364.2656,5000,8.5875149,8.5171928,1,1,1,2,4
397,1,2.486,9119.252,8500,9.1181431,9.047821,0,1,0,2,0
398,1,2.808,10728.531,32000,9.2806616,10.373491,1,1,0,1,4
399,1,3.365,7509.9722,25000,8.9239874,10.126631,0,1,1,1,3
400,0,3.389,4291.4126,6000,8.3643713,8.6995144,0,1,0,2,4
401,0,3.65,10728.531,18000,9.2806616,9.7981272,0,1,1,3,2
402,0,2.961,4291.4126,6000,8.3643713,8.6995144,0,1,1,2,4
403,0,3.519,6437.1187,15000,8.7698364,9.6158056,0,1,1,2,1
404,0,2.956,3433.1301,12000,8.1412277,9.392662,2,1,0,3,1
405,1,2.872,4291.4126,10000,8.3643713,9.2103405,0,1,1,1,3
406,1,1.996,3218.5593,9800,8.0766888,9.1901379,0,1,1,3,2
407,1,3.405,15019.944,20000,9.6171341,9.9034872,1,1,1,3,2
408,0,3.55,10728.531,10000,9.2806616,9.2103405,0,1,1,2,1
409,0,2.978,4291.4126,5000,8.3643713,8.5171928,0,1,0,3,1
410,1,2.902,5364.2656,20000,8.5875149,9.9034872,0,1,0,1,2
411,1,2.585,3433.1301,10000,8.1412277,9.2103405,0,1,0,1,0
412,0,3.44,5364.2656,15000,8.5875149,9.6158056,0,1,1,3,2
413,0,3.784,16092.797,15000,9.6861267,9.6158056,1,1,1,3,4
414,0,3.162,3003.9888,3400,8.0076962,8.1315308,2,1,0,1,3
415,0,3.327,4827.8394,6000,8.4821539,8.6995144,1,1,1,2,2
416,1,2.542,5364.2656,10000,8.5875149,9.2103405,0,1,0,2,0
417,1,3.936,19311.357,18000,9.8684483,9.7981272,1,1,0,2,2
418,1,2.731,8046.3984,8500,8.99298,9.047821,1,1,1,3,2
419,0,3.299,9655.6787,9000,9.1753016,9.1049795,1,1,0,1,3
420,0,3.174,10728.531,2000,9.2806616,7.6009026,0,1,0,2,2
421,1,3.016,16092.797,15000,9.6861267,9.6158056,1,1,1,3,2
422,0,3.133,9655.6787,8000,9.1753016,8.9871969,0,1,0,2,4
423,0,3.553,4291.4126,11000,8.3643713,9.3056507,0,1,1,3,1
424,0,3.32,9226.5371,25000,9.1298389,10.126631,0,1,1,3,0
425,0,3.013,9655.6787,9000,9.1753016,9.1049795,0,1,0,2,1
426,1,3.172,9655.6787,13000,9.1753016,9.4727049,1,1,1,2,4
427,1,3.092,6437.1187,18000,8.7698364,9.7981272,0,1,0,2,4
428,0,3.91,11958.021,11146,9.3891573,9.3188362,1,1,1,3,4
429,0,3.537,16092.797,10000,9.6861267,9.2103405,0,0,1,3,2
430,0,3.442,3754.9861,3500,8.2308397,8.1605186,0,0,1,3,1
431,0,3.677,8046.3984,12000,8.99298,9.392662,1,0,1,2,0
432,0,3.914,8582.8252,15000,9.057518,9.6158056,1,1,1,3,1
433,1,2.671,8582.8252,8000,9.057518,8.9871969,1,0,1,3,2
434,1,3.134,6437.1187,12000,8.7698364,9.392662,0,0,0,1,3
435,1,3.062,5364.2656,20000,8.5875149,9.9034872,0,0,1,2,0
436,0,3.366,6437.1187,2300,8.7698364,7.7406645,0,0,1,2,4
437,0,3.861,9333.8223,15000,9.1414003,9.6158056,1,1,1,3,4
438,0,3.478,4291.4126,9000,8.3643713,9.1049795,0,0,0,1,3
439,0,3.33,5364.2656,8000,8.5875149,8.9871969,0,1,1,1,3
440,0,3.324,2467.5623,2300,7.810986,7.7406645,0,1,0,1,4
441,1,3.284,16092.797,15000,9.6861267,9.6158056,1,1,1,3,2
442,0,3.113,4291.4126,4000,8.3643713,8.2940493,0,0,1,1,3
443,0,3.307,2789.4182,8000,7.9335885,8.9871969,0,0,0,2,3
444,0,3.503,10728.531,10000,9.2806616,9.2103405,1,0,1,3,1
445,1,3.006,3647.7007,22000,8.2018518,9.9987974,0,0,0,2,4
446,1,3.118,5364.2656,7000,8.5875149,8.8536654,1,1,0,3,2
447,0,2.984,1609.2797,5000,7.3835421,8.5171928,0,0,0,3,2
448,0,3.949,13947.091,18000,9.543026,9.7981272,1,0,1,2,4
449,0,3.153,8046.3984,10000,8.99298,9.2103405,1,0,0,2,2
450,1,2.278,5364.2656,5000,8.5875149,8.5171928,2,0,1,3,2
451,1,2.674,4291.4126,7000,8.3643713,8.8536654,0,0,1,2,4
452,0,3.239,8582.8252,12000,9.057518,9.392662,0,0,1,3,1
453,1,3.122,6437.1187,40000,8.7698364,10.596635,1,0,1,3,2
454,1,3.108,6437.1187,6000,8.7698364,8.6995144,1,0,1,3,2
455,0,4.176,8046.3984,25000,8.99298,10.126631,1,1,1,3,1
456,1,2.905,10192.104,9500,9.2293682,9.1590471,2,0,0,2,2
457,0,3.254,4827.8394,7000,8.4821539,8.8536654,2,0,0,2,0
458,1,3.626,8582.8252,8000,9.057518,8.9871969,1,0,0,1,4
459,1,3.301,10728.531,10000,9.2806616,9.2103405,0,0,0,3,1
460,1,3.445,12874.237,17000,9.4629831,9.7409687,1,0,0,1,3
461,0,3.414,7509.9722,24000,8.9239874,10.085809,1,0,1,3,4
462,0,3.471,8582.8252,20000,9.057518,9.9034872,1,1,1,3,1
463,0,3.194,9441.1074,10800,9.1528282,9.2873011,1,0,0,2,3
464,0,3.004,3754.9861,3800,8.2308397,8.2427559,0,0,1,3,1
465,0,3.305,9655.6787,12000,9.1753016,9.392662,0,0,1,1,2
466,1,3.787,21457.063,22000,9.9738092,9.9987974,1,0,1,3,1
467,0,3.241,7509.9722,7000,8.9239874,8.8536654,1,0,1,2,1
468,0,2.956,8582.8252,12000,9.057518,9.392662,0,0,1,3,2
469,0,2.959,9119.252,6500,9.1181431,8.7795572,0,0,0,2,3
470,0,3.313,7295.4014,12000,8.8949995,9.392662,1,0,1,3,2
471,1,3.277,7509.9722,27000,8.9239874,10.203592,0,0,0,3,0
472,0,3.332,5364.2656,5000,8.5875149,8.5171928,0,0,1,3,2
473,1,3.215,17165.65,16000,9.7506657,9.6803436,2,0,1,3,1
474,1,3.195,8046.3984,7500,8.99298,8.922658,0,0,0,2,4
475,1,3.499,7509.9722,20000,8.9239874,9.9034872,0,0,0,3,1
476,0,3.371,5578.8364,6000,8.6267357,8.6995144,1,0,0,2,3
477,0,3.308,5364.2656,9000,8.5875149,9.1049795,1,0,1,3,2
478,0,3.054,10728.531,30000,9.2806616,10.308952,0,0,1,3,1
479,1,3.011,4291.4126,50000,8.3643713,10.819778,0,0,1,2,2
480,1,2.93,6437.1187,10000,8.7698364,9.2103405,0,0,1,1,4
481,1,3.079,10728.531,10000,9.2806616,9.2103405,0,0,1,3,2
482,0,3.114,4827.8394,5500,8.4821539,8.6125031,1,0,1,2,0
483,1,3.217,4291.4126,6000,8.3643713,8.6995144,0,0,0,1,3
484,0,3.057,6437.1187,8000,8.7698364,8.9871969,0,0,0,1,3
485,0,3.482,4291.4126,5000,8.3643713,8.5171928,0,0,0,3,2
486,0,3.424,2682.1328,3200,7.8943677,8.0709057,0,0,0,1,0
487,0,3.265,9655.6787,12000,9.1753016,9.392662,0,0,1,2,2
488,1,3.225,4827.8394,7000,8.4821539,8.8536654,0,0,0,1,3
489,1,2.914,3218.5593,8000,8.0766888,8.9871969,0,0,0,1,3
490,1,3.345,6437.1187,6000,8.7698364,8.6995144,1,0,1,3,2
491,0,3.054,4291.4126,5600,8.3643713,8.6305218,0,0,1,1,3
492,0,3.496,6973.5454,13000,8.8498793,9.4727049,1,0,1,2,4
493,0,3.1,3754.9861,3500,8.2308397,8.1605186,1,0,0,3,1
494,1,3.166,6437.1187,10400,8.7698364,9.2495613,0,0,0,1,3
495,1,3.179,3433.1301,11500,8.1412277,9.3501024,0,0,1,1,3
496,1,3.227,6437.1187,15000,8.7698364,9.6158056,0,0,0,1,0
497,1,2.917,9441.1074,10000,9.1528282,9.2103405,1,0,0,2,4
498,1,2.553,10728.531,10000,9.2806616,9.2103405,0,0,0,1,4
499,1,3.217,10728.531,20000,9.2806616,9.9034872,0,0,1,2,4
500,0,3.308,5364.2656,7000,8.5875149,8.8536654,2,0,1,3,2
501,0,3.411,8582.8252,8000,9.057518,8.9871969,0,0,0,1,3
502,0,3.377,4291.4126,10000,8.3643713,9.2103405,0,0,1,2,2
503,0,3.27,5364.2656,20000,8.5875149,9.9034872,0,0,1,3,1
504,0,3.527,4291.4126,2600,8.3643713,7.8632669,0,0,1,3,2
505,0,3.506,6437.1187,8000,8.7698364,8.9871969,0,0,1,2,4
506,1,3.509,11801.385,14000,9.3759718,9.546813,1,0,0,1,4
507,1,2.947,4291.4126,8000,8.3643713,8.9871969,1,0,0,1,3
508,0,3.161,3218.5593,8000,8.0766888,8.9871969,0,0,1,2,0
509,0,3.444,10728.531,12000,9.2806616,9.392662,0,0,0,2,4
510,0,3.947,16092.797,30000,9.6861267,10.308952,1,0,1,3,1
511,1,2.867,10728.531,6200,9.2806616,8.7323046,0,0,1,3,2
512,0,2.851,8582.8252,10000,9.057518,9.2103405,1,0,0,3,2
513,0,3.046,10728.531,8500,9.2806616,9.047821,0,0,1,3,1
514,0,3.889,15019.944,14000,9.6171341,9.546813,1,0,0,1,0
515,1,3.193,8368.2549,10000,9.0322008,9.2103405,1,0,0,2,0
516,0,2.978,2574.8477,7500,7.8535457,8.922658,0,0,0,2,4
517,0,3.477,7295.4014,15000,8.8949995,9.6158056,0,0,0,3,1
518,1,2.949,10728.531,11000,9.2806616,9.3056507,1,0,1,3,2
519,1,2.926,2896.7034,16000,7.9713287,9.6803436,0,0,0,1,3
520,0,3.571,10728.531,10000,9.2806616,9.2103405,1,0,1,3,1
521,0,3.458,3218.5593,10000,8.0766888,9.2103405,0,0,0,3,0
522,1,3.166,5364.2656,10000,8.5875149,9.2103405,1,0,1,3,1
523,0,3.778,7778.1851,10000,8.9590778,9.2103405,1,0,1,3,2
524,0,3.53,8046.3984,11000,8.99298,9.3056507,1,0,1,3,4
525,1,3.182,5900.6924,8000,8.6828251,8.9871969,0,0,0,1,4
526,0,3.722,8582.8252,8000,9.057518,8.9871969,0,0,1,1,3
527,0,3.284,6437.1187,8000,8.7698364,8.9871969,1,0,1,3,1
528,0,3.05,10728.531,10000,9.2806616,9.2103405,0,0,1,3,2
529,0,3.702,6437.1187,6000,8.7698364,8.6995144,1,0,1,1,0
530,1,3.19,5364.2656,8000,8.5875149,8.9871969,0,0,1,2,4
531,1,3.331,8582.8252,20000,9.057518,9.9034872,0,0,1,2,4
532,1,3.504,8046.3984,6000,8.99298,8.6995144,2,0,1,3,2
533,0,3.657,7295.4014,18000,8.8949995,9.7981272,0,0,1,3,1
534,0,3.707,6437.1187,6000,8.7698364,8.6995144,1,0,1,3,2
535,1,3.366,14483.518,19000,9.5807667,9.8521938,1,0,1,3,1
536,1,3.777,16092.797,15000,9.6861267,9.6158056,1,0,0,2,0
537,0,3.693,21457.063,23000,9.9738092,10.043249,1,0,1,3,4
538,0,3.403,7509.9722,10000,8.9239874,9.2103405,1,0,1,3,1
539,0,3.436,13947.091,13000,9.543026,9.4727049,1,0,1,2,3
540,0,3.712,4291.4126,8000,8.3643713,8.9871969,0,0,1,3,1
541,0,3.707,4827.8394,6000,8.4821539,8.6995144,0,0,0,1,3
542,0,3.725,2682.1328,5000,7.8943677,8.5171928,0,0,1,3,2
543,0,3.42,1823.8503,5000,7.5087051,8.5171928,0,0,1,3,1
544,0,3.217,5364.2656,11500,8.5875149,9.3501024,0,0,1,2,0
545,0,3.387,7509.9722,7000,8.9239874,8.8536654,2,0,1,3,2
546,1,3.666,10728.531,10000,9.2806616,9.2103405,1,0,0,1,0
547,1,2.825,2682.1328,7500,7.8943677,8.922658,0,0,0,2,3
548,0,3.707,10728.531,15000,9.2806616,9.6158056,1,0,1,3,1
549,0,3.558,12874.237,14000,9.4629831,9.546813,1,0,1,3,2
550,0,3.008,7509.9722,9000,8.9239874,9.1049795,0,0,1,3,1
551,0,3.448,8582.8252,9000,9.057518,9.1049795,1,0,1,3,2
552,0,3.497,10728.531,20000,9.2806616,9.9034872,1,0,0,1,3
553,1,2.996,8582.8252,6000,9.057518,8.6995144,0,0,1,3,2
554,1,3.105,4291.4126,7500,8.3643713,8.922658,0,0,1,1,0
555,1,3.038,8582.8252,14000,9.057518,9.546813,0,0,1,3,1
556,1,3.357,7896.1992,8800,8.9741364,9.0825071,0,0,1,3,1
557,0,3.214,4291.4126,5500,8.3643713,8.6125031,2,0,0,2,3
558,0,3.738,8582.8252,8000,9.057518,8.9871969,1,0,0,3,1
559,1,2.901,4291.4126,8000,8.3643713,8.9871969,0,0,0,1,1
560,0,3.225,7509.9722,13000,8.9239874,9.4727049,0,0,1,3,2
561,0,3.118,8582.8252,15000,9.057518,9.6158056,0,0,1,2,4
562,0,3.654,3218.5593,7000,8.0766888,8.8536654,0,0,0,2,0
563,1,2.996,6973.5454,24000,8.8498793,10.085809,0,0,1,2,0
564,0,3.109,5364.2656,5900,8.5875149,8.6827078,0,0,0,2,1
565,0,3.503,7509.9722,10000,8.9239874,9.2103405,0,0,1,3,1
566,1,3.412,10728.531,10000,9.2806616,9.2103405,1,0,0,2,3
567,1,3.158,11801.385,8500,9.3759718,9.047821,0,0,1,3,2
568,0,3.54,9655.6787,9000,9.1753016,9.1049795,0,1,1,3,2
569,0,3.455,3218.5593,6000,8.0766888,8.6995144,0,0,1,3,2
570,0,3.286,9655.6787,18000,9.1753016,9.7981272,0,0,1,3,1
571,0,3.396,3647.7007,6000,8.2018518,8.6995144,0,0,1,1,3
572,1,3.418,8582.8252,10000,9.057518,9.2103405,1,0,0,3,1
573,0,3.371,8582.8252,12000,9.057518,9.392662,1,0,0,2,4
574,0,3.835,8582.8252,8000,9.057518,8.9871969,1,0,0,2,0
575,0,3.482,10728.531,10000,9.2806616,9.2103405,1,0,1,3,2
576,1,3.032,3754.9861,5500,8.2308397,8.6125031,0,0,0,2,2
577,0,3.515,8582.8252,20000,9.057518,9.9034872,1,0,1,3,2
578,0,3.337,8582.8252,13000,9.057518,9.4727049,1,0,0,3,2
579,1,3.134,6973.5454,10000,8.8498793,9.2103405,0,0,0,3,1
580,0,3.534,4827.8394,16500,8.4821539,9.7111158,0,0,1,3,2
581,1,2.157,5364.2656,4500,8.5875149,8.4118328,0,0,1,3,1
582,1,2.69,3218.5593,8000,8.0766888,8.9871969,0,0,1,3,2
583,0,2.673,2896.7034,6000,7.9713287,8.6995144,0,0,0,2,3
584,1,2.965,4291.4126,15000,8.3643713,9.6158056,0,0,0,3,2
585,0,3.341,4291.4126,3300,8.3643713,8.1016779,0,0,1,3,2
586,0,3.317,12874.237,12000,9.4629831,9.392662,0,0,0,2,1
587,0,3.132,8582.8252,8000,9.057518,8.9871969,1,0,1,3,1
588,1,2.612,4291.4126,5700,8.3643713,8.648221,0,0,0,2,3
589,0,3.785,4076.842,3000,8.3130779,8.0063677,0,0,0,2,3
590,0,3.355,5364.2656,7000,8.5875149,8.8536654,0,0,1,2,1
591,1,3.442,4291.4126,8000,8.3643713,8.9871969,0,1,0,3,4
592,1,3.1,6437.1187,11000,8.7698364,9.3056507,0,1,1,3,2
593,1,3.086,21457.063,20000,9.9738092,9.9034872,2,1,1,2,2
594,1,3.17,12874.237,12000,9.4629831,9.392662,1,1,1,3,2
595,1,3.213,6437.1187,6000,8.7698364,8.6995144,0,1,1,2,0
596,0,2.909,3754.9861,13000,8.2308397,9.4727049,0,1,0,3,4
597,0,3.818,9655.6787,10000,9.1753016,9.2103405,1,1,0,3,4
598,0,3.71,7509.9722,10000,8.9239874,9.2103405,1,1,0,2,4
599,0,3.767,10513.961,11000,9.2604589,9.3056507,1,1,1,3,2
600,0,3.506,8582.8252,8000,9.057518,8.9871969,1,1,0,3,2
601,1,2.91,6437.1187,8000,8.7698364,8.9871969,1,1,0,2,2
602,1,2.53,10728.531,10000,9.2806616,9.2103405,2,1,0,3,4
603,1,3.792,9655.6787,9000,9.1753016,9.1049795,1,1,1,2,4
604,1,3.267,16092.797,15000,9.6861267,9.6158056,1,1,0,2,2
605,0,3.444,10728.531,13000,9.2806616,9.4727049,1,1,1,3,1
606,0,3.86,4291.4126,5000,8.3643713,8.5171928,1,1,1,2,0
607,0,3.356,6437.1187,10000,8.7698364,9.2103405,0,1,1,2,4
608,1,2.676,4827.8394,25000,8.4821539,10.126631,0,0,1,3,2
609,1,3.62,6437.1187,20000,8.7698364,9.9034872,0,1,0,3,4
610,1,3.087,26821.328,25000,10.196953,10.126631,1,1,1,3,2
611,1,2.967,11801.385,11000,9.3759718,9.3056507,1,1,1,3,2
612,1,3.504,10728.531,10000,9.2806616,9.2103405,0,1,0,2,3
613,0,3.338,3218.5593,6000,8.0766888,8.6995144,0,1,0,1,3
614,0,3.585,5364.2656,8000,8.5875149,8.9871969,0,1,0,3,1
615,0,3.355,1609.2797,15000,7.3835421,9.6158056,1,1,1,2,0
616,0,4.218,16092.797,15000,9.6861267,9.6158056,1,1,1,3,2
617,0,3.422,5364.2656,10000,8.5875149,9.2103405,0,1,0,3,1
618,0,3.294,21027.922,25000,9.9536066,10.126631,0,1,1,3,2
619,1,2.937,5900.6924,10000,8.6828251,9.2103405,0,1,0,3,0
620,1,3.684,20384.209,19000,9.9225159,9.8521938,1,1,0,1,2
621,1,3.561,19311.357,18000,9.8684483,9.7981272,1,1,0,2,4
622,1,3.359,6437.1187,10000,8.7698364,9.2103405,1,1,0,2,2
623,1,3.396,6437.1187,12000,8.7698364,9.392662,0,1,0,2,3
624,1,3.247,6437.1187,10000,8.7698364,9.2103405,1,1,0,3,1
625,1,3.75,7509.9722,25000,8.9239874,10.126631,1,1,0,2,4
626,0,3.739,5364.2656,5000,8.5875149,8.5171928,0,1,0,1,3
627,0,4.049,6973.5454,10000,8.8498793,9.2103405,1,1,1,1,3
628,0,3.877,10728.531,15000,9.2806616,9.6158056,0,1,1,3,1
629,0,3.79,6007.9775,7000,8.7008438,8.8536654,1,1,0,1,3
630,0,3.944,8797.3955,13000,9.0822105,9.4727049,1,1,0,3,2
631,1,3.555,10728.531,10000,9.2806616,9.2103405,1,0,0,1,0
632,0,3.435,12874.237,16000,9.4629831,9.6803436,1,0,1,2,0
633,0,3.568,4935.1245,6800,8.5041332,8.8246775,0,0,0,2,1
634,0,3.184,5364.2656,9000,8.5875149,9.1049795,0,0,0,1,3
635,1,3.1,3862.2712,6500,8.2590103,8.7795572,0,0,0,3,1
636,0,3.668,4291.4126,5000,8.3643713,8.5171928,0,0,1,1,1
637,0,3.746,8582.8252,9500,9.057518,9.1590471,1,1,0,2,4
638,0,3.125,5364.2656,5000,8.5875149,8.5171928,0,0,0,2,0
639,0,3.345,5364.2656,20000,8.5875149,9.9034872,0,0,0,1,3
640,0,3.384,7724.5425,10400,8.952158,9.2495613,0,0,1,3,4
641,0,3.013,6437.1187,10000,8.7698364,9.2103405,0,0,0,3,1
642,0,3.459,5364.2656,8000,8.5875149,8.9871969,1,0,1,3,1
643,0,3.447,5364.2656,6000,8.5875149,8.6995144,2,0,1,3,2
644,0,3.461,7509.9722,7000,8.9239874,8.8536654,1,0,1,3,2
645,1,2.647,8582.8252,10000,9.057518,9.2103405,0,0,1,3,1
646,1,2.497,7724.5425,11000,8.952158,9.3056507,0,0,0,1,3
647,0,3.103,5364.2656,5000,8.5875149,8.5171928,0,0,1,1,3
648,0,3.607,3218.5593,6000,8.0766888,8.6995144,0,0,0,1,3
649,0,3.432,3754.9861,8000,8.2308397,8.9871969,0,0,0,3,4
650,0,3.444,2145.7063,5000,7.6712241,8.5171928,0,0,0,2,3
651,0,3.217,9119.252,7500,9.1181431,8.922658,1,0,1,3,1
652,0,3.349,5364.2656,7000,8.5875149,8.8536654,0,0,1,3,1
653,1,3.211,5364.2656,12000,8.5875149,9.392662,0,0,1,2,3
654,1,3.146,5578.8364,7000,8.6267357,8.8536654,0,0,0,1,3
655,1,3.467,8582.8252,15000,9.057518,9.6158056,0,0,1,3,1
656,1,2.753,7509.9722,13000,8.9239874,9.4727049,2,0,0,3,1
657,1,2.397,7509.9722,22000,8.9239874,9.9987974,0,0,1,2,2
658,0,3.382,11264.958,13500,9.3294525,9.5104446,1,0,1,2,0
659,1,3.276,8582.8252,9200,9.057518,9.1269588,1,0,0,2,0
660,1,3.19,8582.8252,15000,9.057518,9.6158056,2,0,1,3,2
661,1,1.931,10728.531,10000,9.2806616,9.2103405,0,0,1,3,2
662,0,3.366,3754.9861,20000,8.2308397,9.9034872,0,0,1,3,1
663,0,3.721,3218.5593,4000,8.0766888,8.2940493,0,0,0,2,4
664,1,3.369,10728.531,16000,9.2806616,9.6803436,1,1,0,3,1
665,1,2.729,3218.5593,11000,8.0766888,9.3056507,0,0,1,1,3
666,1,3.035,5364.2656,10000,8.5875149,9.2103405,2,0,0,1,3
667,1,2.23,3218.5593,10000,8.0766888,9.2103405,0,0,1,2,1
668,0,3.063,8046.3984,10000,8.99298,9.2103405,0,0,0,1,3
669,0,3.554,7509.9722,7000,8.9239874,8.8536654,2,0,1,2,2
670,0,3.992,8582.8252,50000,9.057518,10.819778,0,0,1,2,4
671,1,3.166,4291.4126,8500,8.3643713,9.047821,0,0,1,2,2
672,0,3.185,5364.2656,5000,8.5875149,8.5171928,0,0,1,3,2
673,0,3.423,2145.7063,5200,7.6712241,8.5564137,0,0,1,1,0
674,0,3.25,1931.1356,4500,7.5658636,8.4118328,2,0,0,1,0
675,1,3.35,10728.531,10000,9.2806616,9.2103405,1,0,0,1,3
676,0,3.6,6437.1187,6000,8.7698364,8.6995144,0,0,0,3,1
677,1,3.131,4291.4126,9000,8.3643713,9.1049795,0,0,1,3,4
678,1,2.305,22851.771,21300,10.036784,9.9664621,0,0,1,3,2
679,0,3.528,8582.8252,15000,9.057518,9.6158056,1,0,1,3,2
680,1,3.108,15019.944,20000,9.6171341,9.9034872,2,0,1,3,2
681,1,3.262,4505.9834,8800,8.4131613,9.0825071,0,0,1,2,3
682,0,3.442,21457.063,20000,9.9738092,9.9034872,1,1,1,2,2
683,0,3.054,4827.8394,6000,8.4821539,8.6995144,0,0,0,2,3
684,0,2.34,4291.4126,10000,8.3643713,9.2103405,0,0,1,2,0
685,1,4.155,11211.315,12750,9.3246784,9.4532862,1,1,0,2,0
686,1,3.419,5364.2656,20000,8.5875149,9.9034872,0,1,0,3,2
687,1,2.696,6437.1187,8000,8.7698364,8.9871969,0,0,0,3,4
688,1,3.349,6437.1187,8000,8.7698364,8.9871969,1,0,0,2,0
689,1,3.114,5578.8364,5500,8.6267357,8.6125031,0,0,1,1,0
690,0,3.224,3754.9861,8000,8.2308397,8.9871969,1,0,0,2,0
691,0,3.393,2682.1328,3000,7.8943677,8.0063677,1,0,0,3,2
692,0,2.437,5364.2656,4000,8.5875149,8.2940493,1,0,0,2,0
693,1,3.286,3218.5593,20000,8.0766888,9.9034872,0,0,0,1,4
694,1,2.74,5256.9805,10300,8.5673122,9.2398996,0,0,0,3,0
695,0,3.25,21457.063,25000,9.9738092,10.126631,0,0,1,2,4
696,1,2.536,10728.531,10000,9.2806616,9.2103405,1,0,0,3,2
697,0,3.319,3218.5593,6000,8.0766888,8.6995144,0,0,0,2,1
698,0,2.968,3218.5593,6000,8.0766888,8.6995144,0,0,1,3,1
699,0,3.541,7509.9722,45000,8.9239874,10.714417,0,0,1,2,3
700,0,2.652,6437.1187,10000,8.7698364,9.2103405,0,0,1,3,1
701,1,2.608,4291.4126,12000,8.3643713,9.392662,0,0,0,3,1
702,0,3.758,8046.3984,8000,8.99298,8.9871969,1,1,1,2,0
703,0,3.687,8582.8252,8000,9.057518,8.9871969,1,1,1,3,1
704,1,3.076,4184.1274,8000,8.3390532,8.9871969,0,0,0,1,4
705,0,3.749,10728.531,12000,9.2806616,9.392662,1,0,0,1,3
